teamstatspk,WIN%,PTS,FGM,FGA,FG%,3PM,3PA,3P%,FTM,FTA,FT%,OREB,DREB,REB,AST,TOV,STL,BLK,BLKA,PF,PFD,+/-,SEASON
0,0.808,112.7,42.7,89.4,47.8,11.5,31.7,36.3,15.8,20,79.1,10.2,35.9,46.1,26.5,13.3,8.6,4.3,4,19.3,19.3,7.8,2020-21
1,0.755,110.9,40.4,86.5,46.7,14.6,40.1,36.4,15.5,20.3,76.4,10.1,36.4,46.5,27.5,15.6,9.4,4.9,4.1,20.3,17.7,8.3,2020-21
2,0.673,112.7,42.7,93.4,45.7,11.1,32.7,33.9,16.2,22,73.7,13.6,35,48.6,25.1,13.3,10.1,6.4,6.4,19.1,19,4.1,2020-21
3,0.63,108.7,39.3,85.7,45.9,13.5,36.1,37.5,16.5,20.2,81.5,10.8,33.8,44.6,25.9,14.9,7.6,3.3,4.4,20.5,20,4.2,2020-21
4,0.623,111.6,41.6,87,47.8,11.2,30,37.2,17.2,21.2,81.4,8.9,34.1,43,24.5,13,7.2,4.6,5.2,18.8,17.8,1.7,2020-21
5,0.618,112.7,40.7,88.9,45.8,14.3,39.4,36.4,16.9,21.6,78.2,10.3,36.5,46.8,23.4,13.7,7.7,4.2,4.5,17.8,19.2,4,2020-21
6,0.611,106.5,39.5,85.1,46.4,11.8,33.7,35.1,15.7,20.9,75.1,10.4,34.9,45.3,25.5,14.9,7.2,4.3,4.5,17,19.2,4.4,2020-21
7,0.604,107.8,39.6,85.1,46.6,11,30.9,35.8,17.5,21.7,80.9,8.4,33.7,42.1,23.2,12.5,7.6,5.7,4.6,19.1,18.9,2.2,2020-21
8,0.604,113.6,40.6,85.9,47.3,14.6,40,36.4,17.8,22.9,77.8,10.1,35.7,45.8,22.2,14.3,7.1,4.8,4.2,18.8,20.1,6,2020-21
9,0.574,106.2,39.1,86.4,45.3,12.3,36.8,33.5,15.6,20.2,77,9.5,34.3,43.8,24,12.6,7.1,4.1,3.9,19.7,19.9,2.7,2020-21
10,0.549,108.2,40.1,91.1,44,12.4,34.9,35.5,15.6,20.7,75.7,13.2,31.8,45,22.2,12.8,9.2,4.9,5.1,19.8,18.9,1.3,2020-21
11,0.547,111.3,41.5,88.4,47,11.2,31.7,35.4,17,20.9,81.6,10.1,34.8,44.9,25.3,14,7,5.5,5.2,19.8,19.3,0.5,2020-21
12,0.547,109.3,40.8,86.5,47.2,12.8,36.3,35.4,14.7,18.7,78.7,8.9,34.4,43.3,27.1,13.9,7.3,3.8,4.9,19.3,19.2,1.8,2020-21
13,0.545,108.1,39.4,87.6,45,12.4,36.4,34,16.9,20.7,81.7,10.8,35.7,46.5,23.3,14.2,7.3,5.9,4.7,18.7,19.2,4.1,2020-21
14,0.528,112.4,40.8,91.3,44.6,14.3,41.3,34.7,16.5,21.6,76.5,12.1,33,45.1,24.8,14.6,8.8,5.8,5.2,21.7,20.7,1.7,2020-21
15,0.519,113.6,42.1,91.9,45.9,13.9,38.2,36.3,15.4,20.9,73.6,10.7,33.8,44.5,26.9,13.2,8.7,4.9,4.7,19.5,19.5,-0.6,2020-21
16,0.491,106.3,39.3,87.4,45,12.5,34.7,36,15.2,19.2,79,9,35.1,44.1,23.3,14.2,7.5,4.5,4.3,18.7,18.7,-1.1,2020-21
17,0.481,110.9,41.4,89.3,46.4,12,34.5,34.8,16.2,22.2,72.9,9.6,35.3,44.9,24.1,14.7,8.1,5.6,4,20.2,20,-1.3,2020-21
18,0.472,111.5,40.8,87.5,46.6,12.4,33.3,37.3,17.5,21.8,80.3,9.8,34.6,44.4,24.2,12.3,6.8,4.3,4.5,18.3,20.2,0.1,2020-21
19,0.462,106.9,39.8,86.1,46.3,10,30.9,32.4,17.2,22.2,77.6,9.2,35.2,44.3,23.9,13.2,6,5,4.3,18.7,20.2,-2.8,2020-21
20,0.453,104.4,37.4,85.7,43.6,13,36.6,35.5,16.5,22.2,74.7,11.1,34.7,45.8,21.4,13.6,6.9,4.9,4.7,19.7,19.5,-0.9,2020-21
21,0.396,105.8,38.5,87.4,44.1,10.8,32.7,32.9,17.9,22.7,79,11.6,33.7,45.3,24.7,14.3,7.6,4.1,5.1,19.5,20.2,-3.5,2020-21
22,0.389,107.8,39,86.9,44.9,13.5,38.1,35.5,16.4,21.5,76,10.1,33.6,43.7,22.7,13.9,7.6,4.7,4.5,20,19.7,-4.4,2020-21
23,0.37,111.5,43.3,93.1,46.6,11.1,31.5,35.4,13.7,18.6,73.8,11.2,34.4,45.6,27.9,12.7,7.7,5.2,5.3,17.9,18.3,0,2020-21
24,0.364,109.5,40.5,89.2,45.4,11.7,34.1,34.3,16.7,22.2,75.5,10.4,33.5,43.8,23.2,14,7.3,4.7,5.2,19.2,19,-5,2020-21
25,0.345,108.7,40.5,88.8,45.6,11.7,35.2,33.3,16,20.9,76.7,10.9,33.7,44.7,24.3,14.3,6.8,5.6,4.9,20.5,19.4,-2.1,2020-21
26,0.327,101,37.2,89.1,41.8,11.8,37.6,31.5,14.7,19.3,76.3,10.4,35.5,45.9,21.1,13.5,7.4,4.6,6.2,18.2,17.6,-6.4,2020-21
27,0.283,108.3,38.7,85.6,45.2,13.2,38.5,34.4,17.8,24.8,71.8,9.5,33,42.5,22.9,16.9,7.3,4.7,5.8,20.1,22.4,-8.7,2020-21
28,0.226,102.5,37.1,88.2,42,11.2,35,32.1,17.1,21.9,77.7,10.6,32.1,42.7,22.4,14.6,7.8,4.9,5.2,21.5,20.1,-9.4,2020-21
29,0.218,102.9,37.8,87.4,43.2,11.7,35.9,32.6,15.7,19.9,78.7,9.1,34.3,43.3,23,14.6,6.7,4.7,5.4,20,18.5,-8.4,2020-21
30,0.767,118.7,43.3,90.9,47.6,13.8,38.9,35.5,18.3,24.7,74.2,9.5,42.2,51.7,25.9,15.1,7.2,5.9,4.5,19.6,21.7,10.1,2019-20
31,0.736,112.8,40.2,87.9,45.8,13.8,37,37.4,18.5,23.2,79.6,9.5,35.9,45.4,25.2,14.8,8.8,5,5.5,21.7,20.4,6.2,2019-20
32,0.732,113.4,42.3,88.3,48,11,31.6,34.9,17.7,24.3,72.9,10.7,35.1,45.7,25.4,15.2,8.6,6.6,3.7,20.7,21.7,5.8,2019-20
33,0.681,116.3,41.6,89.2,46.6,12.4,33.5,37.1,20.8,26.3,79.1,10.7,37,47.7,23.7,14.6,7.1,4.7,4.7,22.1,22.9,6.4,2019-20
34,0.667,113.7,41.3,89.6,46.1,12.6,34.5,36.4,18.6,23.2,80.1,10.7,35.4,46.1,23,13.8,8.3,5.6,5.5,21.6,20.7,6.3,2019-20
35,0.63,111.3,42,88.9,47.3,11,30.6,35.9,16.2,20.9,77.7,10.8,33.4,44.1,26.7,13.8,8,4.6,4.4,20.3,20.5,2.1,2019-20
36,0.616,109.4,42.1,88.5,47.6,10.2,28,36.3,15,19.1,78.7,8.7,34.1,42.8,25.9,13.2,7.4,5.2,4.6,19.8,18.8,2,2019-20
37,0.611,117.8,40.8,90.4,45.1,15.6,45.3,34.5,20.6,26.1,79.1,9.8,34.5,44.3,21.6,14.7,8.7,5.2,4.9,21.8,21,3,2019-20
38,0.611,110.4,40,85.5,46.8,10.7,30.2,35.5,19.8,24.8,79.6,8.2,34.7,42.9,21.7,13.7,7.6,4.9,4,19.3,22.8,2,2019-20
39,0.611,111.3,40.1,85.1,47.1,13.4,35.2,38,17.8,22.8,77.9,9.1,35.8,44.9,22.4,15.1,6.1,4.1,4.6,20.4,20.8,2.5,2019-20
40,0.603,112,39.5,84.4,46.8,13.4,35.4,37.9,19.7,25.2,78.3,8.5,35.9,44.4,25.9,14.9,7.5,4.5,4.1,20.6,21.7,2.9,2019-20
41,0.589,110.7,41.1,87.9,46.8,11.6,31.6,36.8,16.9,22.4,75.5,10.5,35,45.4,25.8,14.2,8,5.3,4,20.9,20.5,2.4,2019-20
42,0.573,117,41.7,90.3,46.1,15.1,41.3,36.7,18.6,23.8,77.9,10.5,36.4,46.9,24.7,12.7,6.1,4.8,4.1,19.5,21.3,4.9,2019-20
43,0.486,111.8,40.4,90.3,44.8,13.1,38.1,34.3,17.9,24.1,74.5,10.6,37.3,47.9,24.5,15.3,6.4,4.5,5.3,21,21.1,-0.6,2019-20
44,0.473,115,42.2,91.2,46.3,12.9,34.1,37.7,17.7,22.1,80.4,10.2,35.1,45.3,20.6,12.8,6.3,6.1,4.9,21.7,20.1,-1.1,2019-20
45,0.466,112.6,42.5,90.9,46.8,10.9,31.5,34.7,16.6,21.8,76.3,10.3,36.2,46.5,26.9,15.2,7.9,5.5,5.3,21.2,20.2,-1.1,2019-20
46,0.466,113.6,41.2,88.1,46.8,11.4,31.8,35.8,19.9,23.8,83.4,9.8,33.8,43.5,27.2,14.8,7.7,4,5.5,22,22.6,0.2,2019-20
47,0.452,107.3,39.3,88.6,44.4,11.1,32.2,34.3,17.6,22.7,77.4,10.3,34.2,44.5,23.9,12.8,8.2,5.4,4.6,18.3,19.5,-1,2019-20
48,0.451,114.1,42.2,89.4,47.2,10.7,28.5,37.6,19,23.4,81,9,35.6,44.6,24.7,12.6,7.3,5.5,4.3,19.4,20.1,-1.1,2019-20
49,0.431,110.1,40.9,88.4,46.2,12.7,34.9,36.4,15.7,20.3,77,9.7,32.9,42.6,23.8,14.5,7.7,4.1,4.2,22.2,19.5,-2,2019-20
50,0.417,115.8,42.6,91.6,46.5,13.6,36.9,37,17.1,23.4,72.9,11.1,35.4,46.5,26.8,16.4,7.5,5,4.8,21.2,21.1,-1.3,2019-20
51,0.354,102.9,37.3,85.9,43.4,12.1,34.3,35.2,16.2,21.6,74.8,11,31.8,42.8,23.8,14.6,6.6,4.1,5,18.8,20.6,-6.8,2019-20
52,0.347,114.4,41.5,90.9,45.7,12,32.6,36.8,19.4,24.6,78.8,10.2,31.9,42,25,14.2,8,4.3,5,22.7,22.2,-4.7,2019-20
53,0.338,106.8,39.6,88.6,44.7,12.2,35.1,34.8,15.5,20.5,75.5,10.5,31.4,41.9,23.2,15.5,10,4.1,5.9,21.8,19.2,-3.1,2019-20
54,0.318,105.8,40,89.3,44.7,9.6,28.4,33.7,16.3,23.5,69.4,12,34.5,46.5,22.1,14.3,7.6,4.7,5,22.2,19.8,-6.5,2019-20
55,0.303,107.2,39.3,85.7,45.9,12,32.7,36.7,16.6,22.4,74.3,9.8,32,41.7,24.1,15.3,7.4,4.5,5.6,19.7,19.8,-3.6,2019-20
56,0.299,111.8,40.6,90.6,44.9,12,36.1,33.3,18.5,23.4,79,9.9,33.4,43.3,24,16.2,7.8,5.1,6.4,23.1,21,-8,2019-20
57,0.297,113.3,40.4,91.6,44.1,13.3,39.7,33.6,19.1,25.4,75.3,10.5,34.3,44.8,23.8,15.3,8.7,5.7,5.5,21.4,21.6,-4.3,2019-20
58,0.292,106.9,40.3,87.9,45.8,11.2,31.8,35.1,15.1,19.9,75.8,10.8,33.4,44.2,23.1,16.5,6.9,3.2,6.3,18.3,19.6,-7.9,2019-20
59,0.231,106.3,38.6,88.2,43.8,10.4,31.3,33.4,18.7,23.2,80.3,10,32.9,42.8,25.6,14.9,8.2,4.6,4.9,20.1,20.1,-8.7,2019-20
60,0.732,118.1,43.4,91.1,47.6,13.5,38.2,35.3,17.9,23.2,77.3,9.3,40.4,49.7,26,13.9,7.5,5.9,4.8,19.6,20.2,8.9,2018-19
61,0.707,114.4,42.2,89.1,47.4,12.4,33.8,36.6,17.7,22,80.4,9.6,35.6,45.2,25.4,14,8.3,5.3,4.5,21,20.5,6.1,2018-19
62,0.695,117.7,44,89.8,49.1,13.3,34.4,38.5,16.3,20.4,80.1,9.7,36.5,46.2,29.4,14.3,7.6,6.4,3.6,21.4,19.5,6.5,2018-19
63,0.659,110.7,41.9,90,46.6,11,31.4,35.1,15.8,20.9,75.5,11.9,34.5,46.4,27.4,13.4,7.7,4.4,5,20,20.4,4,2018-19
64,0.646,113.9,39.2,87.4,44.9,16.1,45.4,35.6,19.3,24.4,79.1,10.2,31.9,42.1,21.2,13.3,8.5,4.9,4.5,22,20,4.8,2018-19
65,0.646,114.7,42.3,90.6,46.7,11,30.7,35.9,19,23.3,81.4,11.8,36.2,48,23,13.8,6.7,5,5.1,20.4,20.7,4.2,2018-19
66,0.622,115.2,41.5,88.2,47.1,10.8,30.2,35.9,21.2,27.5,77.1,10.9,36.9,47.8,26.9,14.9,7.4,5.3,4.1,21.3,22.1,2.7,2018-19
67,0.61,111.7,40.4,86.4,46.8,12.1,34,35.6,18.8,25.5,73.6,10,36.4,46.4,26,15.1,8.1,5.9,4.6,21.1,22.4,5.3,2018-19
68,0.598,112.4,42.1,90.5,46.5,12.6,34.5,36.5,15.6,19.5,80.2,9.8,34.7,44.5,26.3,12.8,8.6,5.3,3.9,20.4,19.5,4.4,2018-19
69,0.598,114.5,42.6,94,45.4,11.4,32.6,34.8,17.8,25,71.3,12.6,35.5,48.1,23.4,14,9.3,5.2,5.1,22.4,22.5,3.4,2018-19
70,0.585,108,41.3,87,47.5,9.5,25.4,37.4,15.8,21.1,75.2,9.3,33.7,43,26,13.7,8.7,4.9,5.2,19.4,20,3.3,2018-19
71,0.585,115.1,41.3,87.5,47.1,10,25.8,38.8,22.6,28.5,79.2,9.7,35.8,45.5,24,14.5,6.8,4.7,6.1,23.3,24,0.9,2018-19
72,0.585,111.7,42.3,88.4,47.8,9.9,25.3,39.2,17.2,21,81.9,9.2,35.5,44.7,24.5,12.1,6.1,4.7,4,18.1,19.6,1.7,2018-19
73,0.512,112.2,40.3,89.7,44.9,12.8,36.2,35.3,19,25.5,74.5,11,35.6,46.6,23.8,15.1,6.6,4.1,5.3,21.5,22,-0.1,2018-19
74,0.512,107.3,40.4,89.1,45.4,11.4,32.1,35.6,15,19.2,78.2,10,35.4,45.4,25.5,13.2,6.6,5.4,4.4,18.6,18.7,0.7,2018-19
75,0.5,107,38.8,88.3,44,12.1,34.8,34.8,17.3,23.1,74.7,11.4,33.6,45,22.5,13.8,6.9,4,5.1,22.1,21.3,-0.2,2018-19
76,0.476,110.7,40.2,89.8,44.8,11.9,33.9,35.1,18.4,23.1,79.7,9.9,33.9,43.8,23.2,12.2,7.2,4.9,6,18.9,20.6,-1.1,2018-19
77,0.476,105.7,39.6,88,45,11.3,32.4,34.9,15.1,21.7,69.5,11.2,35.1,46.3,24.3,14.7,7.6,5.5,4.7,20.9,20.1,-0.2,2018-19
78,0.476,114.2,43.2,93.1,46.4,11.3,29.9,37.8,16.5,22.7,72.6,11,34.4,45.4,25.4,13.4,8.3,4.4,5.1,21.4,21.4,-1.1,2018-19
79,0.451,111.8,42.6,90.5,47,10.3,31,33.3,16.3,23.3,69.9,10.2,36.4,46.6,25.6,15.7,7.5,5.4,5.1,20.7,20.8,-1.7,2018-19
80,0.439,112.5,41.6,91.3,45.6,10.1,28.7,35.1,19.1,24.3,78.7,11.3,33.5,44.8,24.6,13.1,8.3,5,5.5,20.3,21.9,-1.5,2018-19
81,0.402,108.9,38.8,86.9,44.7,12.5,36.6,34,18.8,25.3,74.2,10.1,35.2,45.3,23.4,14.2,6.5,4.3,4.5,20.1,23.2,-1.3,2018-19
82,0.402,103.5,38,84.4,45,9.9,28.9,34.2,17.7,23,77.2,8.8,33,41.8,23.9,14,8.3,5.5,4.9,22,21.4,-2.6,2018-19
83,0.402,115.4,43.7,92.2,47.3,10.3,29.9,34.4,17.8,23.4,76.1,11.1,36.2,47.3,27,14.8,7.4,5.4,5.4,21.1,21,-1.3,2018-19
84,0.39,114,42.1,90.1,46.8,11.3,33.3,34.1,18.4,23.9,76.8,9.7,32.7,42.4,26.3,14.1,8.3,4.6,4.6,20.7,21.2,-2.9,2018-19
85,0.354,113.3,41.4,91.8,45.1,13,37,35.2,17.6,23.4,75.2,11.6,34.5,46.1,25.8,17,8.2,5.1,5.5,23.6,22.2,-6,2018-19
86,0.268,104.9,39.8,87.9,45.3,9.1,25.9,35.1,16.2,20.7,78.3,8.8,34.1,42.9,21.9,14.1,7.4,4.3,5.8,20.3,18.7,-8.4,2018-19
87,0.232,104.5,38.9,87.6,44.4,10.3,29.1,35.5,16.4,20.7,79.2,10.7,31.9,42.7,20.7,13.5,6.5,2.4,5.6,20,19.4,-9.6,2018-19
88,0.232,107.5,40.1,87.4,45.9,9.6,29.3,32.9,17.6,22.7,77.9,9.1,31.3,40.4,23.9,15.6,9,5.1,5,23.6,20.7,-9.3,2018-19
89,0.207,104.6,38.2,88.3,43.3,10,29.5,34,18.1,23.9,75.9,10.5,34.3,44.7,20.1,14,6.8,5.1,5.6,20.9,20.8,-9.2,2018-19
90,0.793,112.4,38.7,84.2,46,15.3,42.3,36.2,19.6,25.1,78.1,9,34.5,43.5,21.5,13.8,8.5,4.8,4.4,19.5,20.4,8.5,2017-18
91,0.72,111.7,41.3,87.4,47.2,11.8,33,35.8,17.3,21.8,79.4,9.8,34.2,44,24.3,13.4,7.6,6.1,4.9,21.7,19.9,7.8,2017-18
92,0.707,113.5,42.8,85.1,50.3,11.3,28.9,39.1,16.6,20.3,81.5,8.4,35.1,43.5,29.3,15.4,8,7.5,3.7,19.6,18.5,6,2017-18
93,0.671,104,38.3,85.1,45,11.5,30.4,37.7,16,20.7,77.1,9.4,35.1,44.5,22.5,14,7.4,4.5,4.4,19.7,19.2,3.6,2017-18
94,0.634,109.8,40.8,86.6,47.2,11,29.8,36.9,17.1,22.8,75.2,10.9,36.5,47.4,27.1,16.5,8.3,5.1,5.1,22.1,20.4,4.5,2017-18
95,0.61,110.9,40.4,84.8,47.6,12,32.1,37.2,18.1,23.3,77.9,8.5,33.7,42.1,23.4,13.7,7.1,3.8,4.1,18.6,20.7,0.9,2017-18
96,0.598,105.6,39.3,87,45.2,10.3,28.1,36.6,16.7,20.9,80,10.2,35.3,45.5,19.5,13.5,7,5.2,5.1,19.5,19.1,2.6,2017-18
97,0.585,105.6,40.8,86.4,47.2,9,24.5,36.9,14.9,19.2,77.9,9.6,32.7,42.3,22.2,13.3,8.8,4.1,5.2,18.8,18.5,1.4,2017-18
98,0.585,111.7,42.7,88.3,48.3,10.2,28.2,36.2,16.1,20.9,77.2,8.7,35.6,44.3,26.8,14.9,8,5.9,4.2,19.1,20.4,1.3,2017-18
99,0.585,107.9,39.9,88.1,45.3,10.7,30.4,35.4,17.3,24.2,71.6,12.5,32.6,45.1,21.3,14,9.1,5,4.6,20.2,21.3,3.4,2017-18
100,0.585,104.1,38.3,82.9,46.2,10.8,29.6,36.6,16.8,21.5,77.9,9,34.2,43.3,22.4,14.7,8.6,5.1,4.6,19.6,20.5,4.3,2017-18
101,0.573,109.5,41,86.1,47.6,8,22.5,35.7,19.4,24.1,80.4,10.3,31.6,42,22.7,12.5,8.4,4.2,4.7,18.2,20.9,2.2,2017-18
102,0.573,102.7,39,85.4,45.7,8.5,24.1,35.2,16.1,20.9,77.2,10.4,33.9,44.2,22.8,13.1,7.7,5.6,3.9,17.2,19.7,2.9,2017-18
103,0.561,110,40.7,86.6,47,11.5,30.9,37.1,17.1,22.3,76.7,11,33.5,44.5,25.1,15,7.6,4.9,4.8,18.7,20.7,1.5,2017-18
104,0.537,103.4,38.8,85.3,45.5,11,30.6,36,14.7,19.5,75.5,9.3,34.2,43.5,22.7,14.4,7.6,5.3,4.6,20.1,19.4,0.5,2017-18
105,0.537,106.5,39.7,83,47.8,8.8,24.7,35.5,18.3,23.4,78.3,8.4,31.5,39.8,23.2,13.8,8.8,5.4,4.5,21.4,19.9,-0.3,2017-18
106,0.524,106.6,39.9,85.6,46.7,9.9,26.5,37.5,16.8,21.8,77.2,10,33.1,43.1,25.2,14.6,7.9,4.3,4.7,21.3,20,0.6,2017-18
107,0.512,109,40.3,85.4,47.1,9.5,26.8,35.4,19,25.5,74.3,10.1,33.7,43.9,22.3,14.7,7.7,4.5,5.6,20,22,0,2017-18
108,0.476,103.8,39.1,86.9,45,10.8,28.9,37.3,14.7,19.8,74.5,10.1,33.6,43.7,22.8,13.4,7.7,3.9,4.9,18.4,18.4,-0.1,2017-18
109,0.439,108.2,39,86.7,45,10,27.2,36.9,20.2,27,74.7,10.1,35.4,45.5,21.6,12.7,6.8,4.5,4.9,17.2,22.4,0.3,2017-18
110,0.427,108.1,40.7,88.4,46.1,10,29.1,34.5,16.6,23.3,71.4,10.7,35.7,46.4,23.8,15.8,7.7,4.7,5.5,21.2,20.5,-1.5,2017-18
111,0.354,104.5,40.7,87.7,46.4,8.2,23.3,35.2,14.9,19,78.7,10.5,33.6,44,23.3,14.7,6.7,5.1,4.7,20.5,18.4,-3.6,2017-18
112,0.341,106.6,38.2,86.8,44.1,12.7,35.7,35.6,17.4,22.6,77.2,9.7,34.8,44.4,23.7,15.2,6.2,4.8,5.5,20.6,19.7,-3.7,2017-18
113,0.329,102.9,38.7,88.8,43.5,11,31.1,35.5,14.6,19.2,75.9,9.6,35,44.7,23.5,14,7.6,3.5,5.2,19.2,17.4,-7,2017-18
114,0.329,98.8,38.8,86.1,45,9,24,37.5,12.3,16.7,73.5,9.5,31.4,40.9,21.6,13.7,7.8,4.1,4.7,20,17.3,-7,2017-18
115,0.305,103.4,38.8,85.9,45.2,10.3,29.3,35.1,15.5,20.5,75.7,8.8,32.8,41.6,23.4,14.5,7.6,4.9,4.9,19.3,19,-4.8,2017-18
116,0.293,103.4,38.2,85.5,44.6,11.2,31,36,15.8,20.2,78.5,9.1,32.8,41.9,23.7,15.5,7.8,4.2,5.5,19.6,20.3,-5.5,2017-18
117,0.293,102.3,38.1,85.9,44.4,11.8,32.8,36,14.2,18.7,76.3,8.1,33.1,41.3,22.7,12.3,7,3.8,4.5,19.2,19.6,-3,2017-18
118,0.268,99.3,36.7,82.8,44.4,9.2,26.2,35.2,16.6,21.1,78.6,9.5,31,40.5,21.5,15,7.5,4.8,5.1,23.2,20.4,-6.2,2017-18
119,0.256,103.9,38.5,87.1,44.2,9.3,27.9,33.4,17.7,23.9,74.1,10.3,33.9,44.1,21.3,15.7,6.9,4.5,6,22,20.9,-9.4,2017-18
120,0.817,115.9,43.1,87.1,49.5,12,31.2,38.3,17.8,22.6,78.8,9.4,35,44.4,30.4,14.8,9.6,6.8,3.8,19.3,19.4,11.6,2016-17
121,0.744,105.3,39.3,83.7,46.9,9.2,23.5,39.1,17.6,22,79.7,10,33.9,43.9,23.8,13.4,8,5.9,4.1,18.3,19.8,7.2,2016-17
122,0.671,115.3,40.3,87.2,46.2,14.4,40.3,35.7,20.3,26.5,76.6,10.9,33.5,44.4,25.2,15.1,8.2,4.3,5,19.9,20.4,5.8,2016-17
123,0.646,108,38.6,85.1,45.4,12,33.4,35.9,18.7,23.2,80.7,9.1,32.9,42,25.2,13.3,7.5,4.1,5.2,20.6,20.3,2.6,2016-17
124,0.622,110.3,39.9,84.9,47,13,33.9,38.4,17.5,23.3,74.8,9.3,34.4,43.7,22.7,13.7,6.6,4,4.3,18.1,20.6,3.2,2016-17
125,0.622,108.7,39.5,83.2,47.5,10.3,27.4,37.5,19.3,26,74.5,9,34,43,22.5,13,7.5,4.2,3.1,19.8,22.4,4.3,2016-17
126,0.622,106.9,39.2,84.4,46.4,8.8,24.3,36.3,19.7,24.7,79.6,10.6,32.6,43.3,18.5,12.7,8.3,4.9,4.8,20.8,20.3,4.2,2016-17
127,0.622,100.7,37,79.5,46.6,9.6,26,37.2,17.1,22.9,74.7,9.4,33.8,43.2,20.1,13.6,6.7,5,3.8,18.8,20.2,3.9,2016-17
128,0.598,109.2,41.3,87,47.5,9.2,24.8,37.2,17.3,22.1,78.4,10.3,32.6,42.9,23.9,14.2,8.5,4.1,4.6,21.3,19.8,1.8,2016-17
129,0.573,106.6,39.5,87.4,45.2,8.4,25.8,32.7,19.2,25.8,74.5,12.2,34.4,46.6,21,15,7.9,5,5.5,20.9,20.7,0.8,2016-17
130,0.524,103.2,38.1,84.4,45.1,8.9,26.1,34.1,18.1,24.9,72.8,10.3,34.1,44.3,23.6,15.8,8.2,4.8,5.2,18.2,21.6,-0.9,2016-17
131,0.524,100.5,36.4,83.6,43.5,9.4,26.5,35.4,18.3,23.4,78.4,10.8,32,42.8,21.3,12.9,8,4.2,5,22.4,20.8,0.5,2016-17
132,0.512,105.1,39.3,84.5,46.5,8.6,23,37.6,17.9,22.1,81,9,33,42,22.5,13.8,8.2,5,5,19.5,19.5,-0.2,2016-17
133,0.512,103.6,38.8,81.9,47.4,8.8,23.7,37,17.2,22.4,76.8,8.8,31.6,40.4,24.2,14,8.1,5.3,4.6,20.2,19.3,-0.2,2016-17
134,0.5,102.9,38.6,87.1,44.4,7.6,22.3,34,18,22.5,79.8,12.2,34.1,46.3,22.6,13.6,7.8,4.8,4.6,17.7,18.8,0.4,2016-17
135,0.5,103.2,39,85.8,45.5,9.9,27,36.5,15.2,21.6,70.6,10.6,33,43.6,21.2,13.4,7.2,5.7,4.9,20.5,18.7,1.1,2016-17
136,0.5,107.9,39.5,86.1,45.9,10.4,27.7,37.5,18.5,23.7,78,10.1,33.5,43.7,21.1,13.7,7,5,5.3,21.2,19.8,-0.5,2016-17
137,0.488,111.7,41.2,87.7,46.9,10.6,28.8,36.8,18.7,24.2,77.4,11.8,34.6,46.4,25.3,15,6.9,3.9,4.9,19.1,20.2,0.5,2016-17
138,0.451,101.3,39.9,88.8,44.9,7.7,23.4,33,13.9,19.3,71.9,11.1,34.6,45.7,21.1,11.9,7,3.8,4.1,17.9,17.5,-1.1,2016-17
139,0.439,104.9,37.7,85.4,44.2,10,28.6,35.1,19.4,23.8,81.5,8.8,34.8,43.6,23.1,11.5,7,4.8,5.5,16.6,19.9,0.2,2016-17
140,0.415,104.3,39.1,87,45,9.4,26.8,35,16.7,22.3,75,8.6,35.1,43.7,22.8,12.9,7.8,5.5,4.2,18.2,19.3,-2.1,2016-17
141,0.402,97.9,36.2,82.3,44,10.7,30.2,35.5,14.8,18.5,80.1,7.9,30.7,38.6,20.8,11.9,7.5,3.7,3.4,19.1,19.4,-2.9,2016-17
142,0.39,102.8,37.9,82.1,46.1,9,23.9,37.6,18.1,23.3,77.5,8.7,32.3,41.1,22.5,14.6,7.6,4,5.1,20.3,20.1,-3.9,2016-17
143,0.378,105.6,39.5,84.4,46.7,7.3,21,34.9,19.3,24.2,79.9,11.4,31,42.4,23.7,14,8,4.5,5,20.1,20.5,-1.1,2016-17
144,0.378,104.3,39.6,88.5,44.7,8.6,24.7,34.8,16.6,21.1,78.8,12,33.2,45.2,21.8,13.9,7.1,5.5,4.6,20.3,18.5,-3.7,2016-17
145,0.354,101.1,38.3,87,44,8.5,26.1,32.8,16,21.4,74.7,9.8,33.3,43.2,22.2,13.3,7.1,4.8,5.1,19.3,18.7,-6.6,2016-17
146,0.341,102.4,37.7,85.3,44.2,10.1,29.8,34,17,22,77.1,9.8,33,42.8,23.8,16.7,8.4,5.1,5.4,21.9,19.6,-5.7,2016-17
147,0.317,104.6,39.3,87.4,45,8.9,25.7,34.6,17,22.6,75.4,11.4,32.1,43.5,20.9,15.2,8.2,3.9,5.4,20.7,18.5,-6.9,2016-17
148,0.293,107.7,39.9,88.5,45,7.5,22.6,33.2,20.4,26.3,77.6,11.9,33.1,45,19.6,15.4,8.2,4.9,5.3,24.8,22.2,-5.6,2016-17
149,0.244,105.8,37.8,85.2,44.4,10.7,31.6,33.8,19.4,24.6,78.8,8.8,35.1,43.9,21.4,16.5,7.2,4.7,5.6,21,20.4,-6.7,2016-17
150,0.89,114.9,42.5,87.3,48.7,13.1,31.6,41.6,16.7,21.8,76.3,10,36.2,46.2,28.9,15.2,8.4,6.1,4.1,20.7,19.8,10.8,2015-16
151,0.817,103.5,40.1,82.9,48.4,7,18.5,37.5,16.4,20.4,80.3,9.4,34.5,43.9,24.5,13.1,8.3,5.9,3.9,17.5,19.5,10.6,2015-16
152,0.695,104.3,38.7,84,46,10.7,29.6,36.2,16.3,21.7,74.8,10.6,33.9,44.5,22.7,13.6,6.7,3.9,4.4,20.3,20.6,6,2015-16
153,0.683,102.7,36.7,81.3,45.1,8.6,23.4,37,20.8,26.7,77.7,10.2,33.2,43.4,18.7,13.1,7.8,5.5,5.4,19.6,22,4.5,2015-16
154,0.671,110.2,41.1,86.4,47.6,8.3,23.7,34.9,19.7,25.2,78.2,13.1,35.6,48.6,23,15.9,7.4,5.9,4.5,20.6,20.2,7.3,2015-16
155,0.646,104.5,38.3,82.4,46.5,9.7,26.7,36.4,18.2,26.2,69.2,8.8,33.3,42,22.8,13,8.6,5.6,3.2,21.3,22.5,4.3,2015-16
156,0.585,102.8,38.6,84.4,45.8,9.9,28.4,35,15.6,20,78.3,8.3,33.8,42.1,25.6,15,9.1,5.9,5,19.1,18.3,3.6,2015-16
157,0.585,105.7,39.2,89.2,43.9,8.7,26.1,33.5,18.5,23.5,78.8,11.6,33.3,44.9,24.2,13.7,9.2,4.2,5.5,21.9,21,3.2,2015-16
158,0.585,103.4,37,84.4,43.9,10.6,29.4,36.2,18.7,23.7,79,9,35,43.9,21.7,12.5,7.3,5.3,5.5,18.1,20.4,2.7,2015-16
159,0.585,100,38.4,81.7,47,6.1,18,33.6,17.1,23,74.4,9.8,34.3,44.1,20.8,14.1,6.7,6.5,4.1,18.3,19.6,1.6,2015-16
160,0.549,102.2,38.3,85.2,45,8.1,23,35.1,17.4,22.8,76.4,10.3,33.9,44.2,21.2,14.9,9,4.8,4.5,20,20.4,1.7,2015-16
161,0.537,102,37.9,86.4,43.9,9,26.2,34.5,17.1,25.5,66.8,12.5,33.9,46.3,19.4,13.5,7,3.7,4.5,19,21.6,0.6,2015-16
162,0.537,105.1,38.6,85.9,45,10.5,28.5,37,17.4,23,75.4,11.6,33.9,45.5,21.3,14.6,6.9,4.6,5.2,21.7,19.5,0.8,2015-16
163,0.512,101.6,38.6,87.4,44.1,7.9,21.4,37.1,16.5,21,78.7,11.1,35.2,46.3,22.8,13.9,6,5.7,5.7,18.8,18.7,-1.5,2015-16
164,0.512,102.3,37.4,84.1,44.4,9.8,28.6,34.4,17.7,22.3,79.4,9.2,33.9,43.1,22.1,12.8,6.8,3.7,4.4,19.5,21.4,-0.3,2015-16
165,0.512,99.1,36.8,83.6,44,6.1,18.5,33.1,19.3,24.7,78.3,11.2,30.5,41.6,20.7,13.3,8.8,4.3,5.7,21.7,21.1,-2.2,2015-16
166,0.5,106.5,37.7,83.5,45.2,10.7,30.9,34.7,20.4,29.4,69.4,11.3,31.7,43.1,22.2,15.9,10,5.2,4.9,21.8,22.5,0.2,2015-16
167,0.5,104.1,39.5,85.8,46,8.6,24.2,35.8,16.5,22.5,73,9.1,32.8,41.8,24.5,14.5,8.6,3.9,4.3,20.8,20.1,-0.5,2015-16
168,0.488,97.7,36.1,80.4,44.9,8.5,23.9,35.5,17.1,23,74.4,10.7,32.5,43.2,19,14.9,7.7,5.2,4.7,20.2,19.9,1.8,2015-16
169,0.427,102.1,39.5,86.8,45.5,7.8,22.2,35,15.2,20.1,75.7,10.3,33,43.3,23.6,14.1,8.2,5.1,5.5,20.7,18.3,-1.6,2015-16
170,0.402,101.9,37.7,85.4,44.2,8,23.7,33.8,18.5,24.1,76.6,11.5,33.1,44.6,22.7,14.7,7.4,4.8,6.3,21,20.9,-3.1,2015-16
171,0.402,99,38.4,82.2,46.7,5.4,15.6,34.5,17,22.7,74.7,10.5,31.2,41.7,23.1,15.2,8.2,5.8,5.6,20.7,19.5,-4.2,2015-16
172,0.402,106.6,40,86.4,46.4,8,22.4,35.9,18.5,25.5,72.5,10.6,33.7,44.2,24.5,16.2,8.9,4.5,5.3,20.4,22,-2.5,2015-16
173,0.39,98.4,36.9,84,43.9,7.4,21.5,34.6,17.2,21.4,80.5,10.4,34,44.4,20.5,13.4,5.7,5.7,4.2,19.7,18.5,-2.7,2015-16
174,0.366,102.7,38.5,85.9,44.8,8.6,23.8,36,17.3,22.2,77.6,9.5,33.1,42.6,22.2,13.4,7.7,4.2,5.2,20.9,19.9,-3.8,2015-16
175,0.354,102.4,37.7,81.3,46.4,5.5,16.4,33.8,21.4,27,79.2,10,31.5,41.6,23.4,15,8,4.6,5.2,20.7,21.6,-3.5,2015-16
176,0.28,100.9,37.2,85.6,43.5,9,25.8,34.8,17.5,23.2,75.1,11.5,33.3,44.8,20.7,17.2,7.7,3.8,5.5,22.7,21.6,-6.7,2015-16
177,0.256,98.6,38.2,84.4,45.3,6.5,18.4,35.2,15.7,20.7,75.7,10.5,31.9,42.4,22.3,14.8,7.6,4,5.2,18,18.4,-7.4,2015-16
178,0.207,97.3,35.1,84.8,41.4,7.8,24.6,31.7,19.3,24.7,78.1,10.7,32.3,43,18,13.7,7.2,4.1,5.6,20.3,19.2,-9.6,2015-16
179,0.122,97.4,36.2,84,43.1,9.3,27.5,33.9,15.7,22.6,69.4,9.5,31.8,41.2,21.5,16.4,8.3,6,5.7,21.7,19.2,-10.2,2015-16
180,0.817,110,41.6,87,47.8,10.8,27,39.8,16,20.8,76.8,10.4,34.3,44.7,27.4,14.5,9.3,6,3.6,19.9,18.8,10.1,2014-15
181,0.732,102.5,38.1,81.7,46.6,10,26.2,38,16.5,21.2,77.8,8.7,31.8,40.6,25.7,14.2,9.1,4.6,4.9,17.8,19.6,5.4,2014-15
182,0.683,103.9,37,83.3,44.4,11.4,32.7,34.8,18.6,26,71.5,11.7,32,43.7,22.2,16.7,9.5,5,5.3,22,21.1,3.4,2014-15
183,0.683,106.7,39.4,83.3,47.3,10.1,26.9,37.6,17.9,25.2,71,9.6,33.1,42.6,24.8,12.3,7.8,5,3,21.3,21.5,6.6,2014-15
184,0.671,98.3,37.8,82.5,45.8,5.2,15.2,33.9,17.6,22.8,77.3,10.4,32.1,42.6,21.7,13.3,8.5,4.2,5.2,19.1,20.3,3.2,2014-15
185,0.671,103.2,39.1,83.6,46.8,8.3,22.5,36.7,16.7,21.4,78,9.8,33.8,43.6,24.4,14,8,5.4,4.4,19.1,19.7,6.2,2014-15
186,0.646,103.1,37.7,82.2,45.8,10.1,27.5,36.7,17.7,23.6,75.1,11.1,31.9,43,22.1,14.3,7.4,4.1,4.5,18.4,20.5,4.5,2014-15
187,0.622,102.8,38.7,86,45,9.8,27.2,36.2,15.5,19.4,80.1,10.7,35.1,45.9,21.9,13.6,6.4,4.5,3.6,18.2,18.7,4.2,2014-15
188,0.61,100.8,36.6,82.9,44.2,7.9,22.3,35.3,19.7,25.2,78.3,11.7,34,45.7,21.7,14,6.3,5.8,5.4,18.2,21.2,3,2014-15
189,0.61,105.2,39.7,85.8,46.3,8.9,25.4,35.2,16.9,22.5,75.2,10.5,31.8,42.3,22.5,13,8.1,4.5,3.8,20,22.1,2.9,2014-15
190,0.598,104,37.9,83.3,45.5,8.9,25.1,35.2,19.3,24.6,78.7,10.7,30.8,41.5,20.7,12.9,7.5,4.4,5,20.9,20.3,3.1,2014-15
191,0.561,98.5,38.3,82.8,46.2,6.1,16.8,36,15.9,21.4,74.2,10.5,34.2,44.7,24,15,7.3,4.6,4.3,20.8,19.6,0.7,2014-15
192,0.549,99.4,37.9,82.9,45.7,7.1,19.3,37,16.4,21.8,75.1,11.5,32,43.5,22,13.3,6.7,6.2,5.8,18.7,18.7,0.8,2014-15
193,0.549,104,38.8,86.8,44.7,7.7,22.7,33.9,18.6,24.6,75.4,12.8,34.7,47.5,20.5,14.7,7.3,5.5,4.6,22.3,20.4,2.2,2014-15
194,0.5,97.8,37.6,82,45.9,6.6,18.3,36.3,16,21.1,75.7,10.7,31.4,42.1,23.6,16.7,9.6,4.9,4.8,22.1,20.1,0.4,2014-15
195,0.488,101.4,38.9,87.9,44.3,8,24.6,32.7,15.4,20.5,75.4,11.1,32.7,43.8,24.5,13.8,8.2,3.6,5.3,21.2,18.8,0.2,2014-15
196,0.476,102.4,38.8,85.8,45.2,8.5,25,34.1,16.4,21.5,76,10.9,32.2,43.2,20.2,15.1,8.5,4.7,4.1,21.3,20.3,-0.9,2014-15
197,0.463,98,37.4,83,45.1,6.6,19.9,33.1,16.6,22.2,74.8,10.3,32,42.4,20.9,13.8,7,4.1,4.5,19.3,20,-2.9,2014-15
198,0.463,97.3,36.6,83.2,43.9,7.5,21.2,35.2,16.7,22.2,75.6,10.4,34.4,44.9,21.4,14,6.2,4.6,4.7,21.2,21.4,0.3,2014-15
199,0.463,95.1,35.4,79.2,44.7,7.4,21.7,34.3,17,23.5,72.1,12,31.9,44,19.9,15.3,7.6,6,4.7,19.3,19.6,0.2,2014-15
200,0.451,94.7,35.2,77.2,45.6,6.8,20.2,33.5,17.5,23.7,74.1,9.1,30,39.1,19.8,14.8,7.8,4.5,4.4,20,20.9,-2.6,2014-15
201,0.402,94.2,35.5,84.5,42,6.1,19.1,31.8,17,22.8,74.8,10,34.1,44.1,20.2,11.9,6.1,5.5,5.4,18.2,20.8,-3.2,2014-15
202,0.39,98.5,37.1,85.8,43.2,8.6,24.9,34.4,15.8,22.4,70.3,12.8,32.1,44.9,21.6,13.4,7.6,4.7,4.8,19,19.3,-1,2014-15
203,0.366,101.5,37.8,87.3,43.3,8,24.8,32.5,17.8,24.3,73.4,12.3,32.4,44.7,21.8,14.2,7.8,4.5,6.1,23,20.7,-3.5,2014-15
204,0.354,101.3,36.7,80.7,45.5,5.6,16.5,34.1,22.3,29.3,76.2,10.9,33.3,44.2,20.3,16.3,6.7,4,6.2,20.7,23.9,-3.7,2014-15
205,0.305,95.7,37.5,82.8,45.3,6.8,19.5,34.7,13.9,19.1,72.9,10,31.8,41.8,20.6,14.9,7.9,3.8,5.4,20.9,17.9,-5.7,2014-15
206,0.256,98.5,37.2,85.6,43.5,6.5,18.9,34.4,17.5,23.6,74.1,11.6,32.3,43.9,20.9,13.2,7,4.5,4.8,21.2,19.4,-6.8,2014-15
207,0.22,92,33.7,82.6,40.8,8.4,26.3,32,16.1,23.8,67.6,11.9,30.9,42.9,20.5,17.7,9.6,5.9,5.5,21.7,20.2,-9,2014-15
208,0.207,91.9,35.1,82,42.8,6.8,19.7,34.7,14.8,19.2,76.9,10.6,29.8,40.4,21.3,14.7,7,4.7,4.3,21.6,19.1,-9.3,2014-15
209,0.195,97.8,36.4,83.2,43.8,5,14.9,33.2,20,25.7,77.6,11.6,29.3,40.9,21.6,15,8.1,4,5.5,19.2,21.4,-8.8,2014-15
210,0.756,105.4,40.6,83.5,48.6,8.5,21.4,39.7,15.7,20,78.5,9.3,34,43.3,25.2,14.4,7.4,5.1,4.6,18.2,19.3,7.7,2013-14
211,0.72,106.2,39,82.7,47.1,8.1,22.4,36.1,20.2,25,80.6,10.8,33.9,44.7,21.9,15.3,8.3,6.1,3.6,22.7,20.4,6.3,2013-14
212,0.695,107.9,39.1,82.5,47.4,8.5,24,35.2,21.2,29.1,73,10.5,32.5,43,24.6,13.9,8.6,4.8,3.5,21.5,23.4,7,2013-14
213,0.683,96.7,36,80.2,44.9,6.7,18.8,35.7,18.1,23.3,77.9,10.2,34.5,44.7,20.1,15.1,6.7,5.4,4.6,20.4,21.9,4.4,2013-14
214,0.659,107.7,38,80.5,47.2,9.5,26.6,35.8,22.1,31.1,71.2,11.2,34.1,45.3,21.4,16.1,7.6,5.6,5.6,20.4,24.3,4.6,2013-14
215,0.659,102.2,38.3,76.5,50.1,8.1,22.3,36.4,17.5,23,76,7.6,29.2,36.9,22.5,14.8,8.9,4.5,3.1,19.5,20.4,4.8,2013-14
216,0.659,106.7,39.1,87,45,9.4,25.3,37.2,19.1,23.5,81.5,12.5,34,46.4,23.2,13.7,5.5,4.7,3.7,19.2,20.7,4,2013-14
217,0.622,104.3,39.5,85.4,46.2,9.4,24.8,38,15.9,21.1,75.3,10.9,34.4,45.3,23.3,15.2,7.8,5,4.2,21.8,19.3,4.8,2013-14
218,0.61,96.1,38.1,82,46.4,4.9,14,35.3,15.1,20.3,74.1,11.6,30.8,42.4,21.9,13.7,7.7,4.6,5,19.1,18.9,1.6,2013-14
219,0.598,104.8,39.6,83.6,47.4,8.8,22.9,38.4,16.8,21.1,79.5,10.2,30.7,40.9,23.6,13.5,8.6,4.3,3.5,20,19.9,2.4,2013-14
220,0.585,93.7,34.7,80.2,43.2,6.2,17.8,34.8,18.1,23.3,77.9,11.4,32.7,44.1,22.7,14.9,7.2,5.2,6,19.1,20.9,1.9,2013-14
221,0.585,105.2,38.7,83.5,46.3,9.3,25.1,37.2,18.5,24.4,75.8,11.3,31.7,43,19.1,15.3,8.4,4.6,4,21.9,21.3,2.6,2013-14
222,0.585,101.3,36.5,81.9,44.5,8.7,23.4,37.2,19.6,25.1,78.2,11.4,31.1,42.5,21.2,14.1,7,4.2,4.3,23,22.1,3.2,2013-14
223,0.537,98.5,35.7,77.9,45.9,8.6,23.4,36.9,18.4,24.4,75.3,8.8,29.4,38.1,20.9,14.5,8.6,3.8,4.1,21.7,20.8,-1,2013-14
224,0.537,100.7,38.7,84.4,45.9,7.9,20.8,38,15.3,20.9,73.1,10.8,31.4,42.2,23.3,14.7,8.1,4.6,3.9,20.4,19.5,1.3,2013-14
225,0.524,96.9,36.3,82.1,44.2,6.3,17.9,35.1,18,24.4,73.7,9.5,33.2,42.7,21.7,12.3,6.1,5.1,5.1,18.2,20.9,-0.2,2013-14
226,0.488,106.9,38.9,87.5,44.4,7.3,21.4,34.1,21.8,28.1,77.8,12.5,32.2,44.7,23.9,13.9,8.8,3.6,5.6,18.3,23.6,2.7,2013-14
227,0.463,101,37.3,81.6,45.8,9.4,25.8,36.3,17,21.7,78.1,8.7,31.3,40,24.9,15.3,8.3,4,4.3,19.2,20,-0.5,2013-14
228,0.451,98.6,36.9,82.2,44.9,9.3,24.9,37.2,15.5,20.4,76.1,10.6,29.7,40.3,20,13,7.7,4.5,3.4,22.1,19.6,-0.8,2013-14
229,0.439,104.4,38.4,85.9,44.7,8.6,23.9,35.8,19.1,26.3,72.6,12.3,33.1,45.4,22.4,15.9,7.5,5.6,5.6,23,21.7,-2.1,2013-14
230,0.415,99.7,37.8,82.5,45.9,5.9,15.9,37.3,18.2,23.6,76.9,11.4,30.3,41.7,21.3,13.8,7.9,6.4,6.1,22.6,20.3,-2.7,2013-14
231,0.402,98.2,37,84.8,43.7,7.1,20,35.6,17,22.7,75.1,12.1,32.1,44.1,21.2,14.2,7.1,3.7,5.6,20,19.5,-3.3,2013-14
232,0.354,101,38.8,86.9,44.7,6.2,19.3,32.1,17.3,25.7,67,14.6,30.8,45.4,20.9,14.5,8.4,4.8,4.9,20.3,20.7,-3.7,2013-14
233,0.341,100.5,36.9,82.5,44.7,6,18,33.3,20.7,27.3,75.9,12.1,32.4,44.5,18.9,15.2,7.2,3.9,5.6,22.5,23.1,-2.9,2013-14
234,0.329,103,38.3,85.1,45,9.4,24.8,38.1,17,22.4,75.7,9.1,32,41,24.5,15.1,7.5,5.4,4.7,19.8,19.3,-6.3,2013-14
235,0.305,96.2,36.5,83.9,43.5,7,21.1,33.3,16.2,20.8,77.7,12,30.5,42.5,21,15.4,7.1,4.2,4.5,21.3,19.1,-4.5,2013-14
236,0.305,95,36,81.1,44.4,6.6,19.2,34.4,16.4,22,74.7,11,30.2,41.2,20.3,14.6,7,4.5,4.9,20.7,20.4,-7.2,2013-14
237,0.28,96.5,36.9,82.7,44.5,6.9,19.5,35.3,15.9,20.9,76.3,9.7,32.4,42,21,14.9,7.7,4.3,5.4,20.5,18.3,-5.4,2013-14
238,0.232,99.5,37.9,87.2,43.5,7,22.5,31.2,16.6,23.4,71,11.6,31.2,42.7,21.8,16.9,9.3,4,6.8,22.5,20.6,-10.5,2013-14
239,0.183,95.5,36,82.2,43.8,6.7,18.9,35.3,16.8,22.5,74.7,11.8,29.3,41.1,21.5,15.1,6.6,4.9,5,20.9,20.6,-8.2,2013-14
240,0.805,102.9,38.4,77.4,49.6,8.7,22.1,39.6,17.4,23,75.4,8.2,30.4,38.6,23,13.9,8.7,5.4,3.2,18.7,20.4,7.9,2012-13
241,0.732,105.7,38.1,79.3,48.1,7.3,19.4,37.7,22.2,26.8,82.8,10.4,33.2,43.6,21.4,15.3,8.3,7.6,3.9,20.2,20.7,9.2,2012-13
242,0.707,103,39.1,81.4,48.1,8.1,21.5,37.6,16.6,21,79.1,8.1,33.2,41.3,25.1,14.7,8.5,5.4,4.9,17.4,19.1,6.4,2012-13
243,0.695,106.1,40.7,85.2,47.8,6.4,18.5,34.3,18.4,26.2,70.1,13.3,31.7,45,24.4,15.3,9.3,6.5,6.8,20.5,21.6,5.1,2012-13
244,0.683,101.1,38.5,80.6,47.8,7.6,21.4,35.8,16.4,23,71.1,11.4,30.2,41.6,23.9,14.6,9.6,5.6,4.1,20.9,20.9,6.5,2012-13
245,0.683,93.4,36.1,81.5,44.4,4.7,13.5,34.5,16.5,21.3,77.3,12.9,29.8,42.7,20.9,14,8.6,5.3,5.5,20.2,20,4.1,2012-13
246,0.659,100,36.5,81.6,44.8,10.9,28.9,37.6,16,21.1,75.9,10.9,29.7,40.6,19.3,12,8.2,3.6,4,20.1,19.2,4.2,2012-13
247,0.605,94.7,35.1,80.6,43.6,6.9,19.7,34.7,17.6,23.6,74.6,12.9,33,45.9,20.3,15.1,7.2,6.3,5.7,20,21.9,4,2012-13
248,0.598,96.9,35.9,79.8,45,7.7,21.5,35.7,17.5,23.9,73.1,12.8,30,42.8,20.3,14.7,7.3,4.8,4.8,18.3,21.4,1.8,2012-13
249,0.573,101.2,38.2,83.4,45.8,8,19.9,40.3,16.8,21.3,79,10.8,34.2,45,22.5,15.1,6.9,4.2,4.9,21.4,19.2,0.9,2012-13
250,0.549,93.2,35.7,81.7,43.7,5.4,15.4,35.3,16.4,21.2,77.3,12.5,30.7,43.2,23,14.3,7.2,5.1,5.8,19.7,19.6,0.3,2012-13
251,0.549,106,38.1,82.7,46.1,10.6,28.9,36.6,19.2,25.5,75.4,11.1,32.3,43.4,23.2,16.4,8.3,4.4,6.1,20.3,20.4,3.5,2012-13
252,0.549,102.2,37.1,81,45.8,8.7,24.6,35.5,19.3,27.9,69.2,11.5,33.3,44.8,22.2,15,7,5.2,4.8,17.9,23.1,1.2,2012-13
253,0.537,98,37.6,81,46.4,8.6,23.2,37.1,14.1,19.7,71.5,9.2,31.6,40.9,24.5,14.9,8.1,4.5,4.3,18,18.8,0.4,2012-13
254,0.524,98,37.1,81.8,45.4,6.2,16.9,36.6,17.5,23,76.4,12.1,30,42,22.7,14.8,8.4,6.3,5.9,21.3,20.4,-0.1,2012-13
255,0.506,96.5,37,79.7,46.5,6.1,17.2,35.8,16.3,21,77.6,8.1,31.3,39.3,22.8,14.6,8.2,4.5,4.7,21.2,19.4,-0.2,2012-13
256,0.5,101.1,38.8,84,46.2,7.4,19.9,37.2,16.1,20.4,79.3,9.4,32.6,41.9,23.2,14,7.9,5.5,4.1,20.7,18.9,-0.6,2012-13
257,0.463,98.9,38.1,87.8,43.5,7.3,20.4,36,15.3,20.7,73.6,13,30.9,44,22.9,14.1,8.4,6.7,4.4,19,19.1,-1.5,2012-13
258,0.415,93.2,37.3,84.1,44.4,6.3,17.5,36,12.2,16.8,72.9,10.9,30.4,41.3,22.8,13,7.4,4.7,4.8,18.4,16.2,-3.3,2012-13
259,0.415,97.2,36.3,81.5,44.6,7,20.3,34.3,17.6,22.3,78.8,10.6,29.6,40.2,21.5,13.7,7.3,4.8,4.7,22.4,20.1,-1.5,2012-13
260,0.402,97.5,36.7,81.9,44.8,8.2,23.2,35.3,15.9,20.5,77.6,10.7,30.2,40.8,21.8,14.7,6.6,4.3,4.4,18.5,18.7,-3.2,2012-13
261,0.378,95.7,35.9,81.7,43.9,5.5,18,30.5,18.5,24.9,74.2,11.9,30.2,42,22.4,14.8,8.5,4.7,5.9,18.4,22.5,-2.4,2012-13
262,0.354,94.9,36.3,81,44.9,6.3,17.6,35.6,15.9,22.8,69.9,12.1,30,42.1,21.2,15.1,7,4.9,5.8,19.8,19.9,-4,2012-13
263,0.354,93.2,35.5,81.6,43.5,6.6,18.2,36.5,15.6,21.3,73.3,10.8,32.3,43.2,21.6,15.1,7.3,4.6,4.4,20.5,19.1,-2.5,2012-13
264,0.341,100.2,37.6,84.2,44.7,7.4,20.5,36.3,17.5,22.8,76.9,11.5,29.1,40.6,20.8,14.6,8.2,4.2,6.3,20.9,20,-4.9,2012-13
265,0.329,94.1,36,80.4,44.8,6.5,18,36.3,15.5,20,77.6,12,29.6,41.6,21,14.5,6.3,5.4,6,20.4,18.7,-3.9,2012-13
266,0.305,95.2,37.3,84.4,44.3,5.9,17.7,33,14.7,19.7,74.4,11.7,29.9,41.6,22.6,15.6,8,5.3,5.1,20.6,18.4,-6.5,2012-13
267,0.293,96.5,36.5,84.2,43.4,6.7,19.3,34.6,16.8,22.3,75.6,12.2,28.8,41,20.7,14,7.9,4.1,6.8,21.2,19.7,-4.7,2012-13
268,0.256,93.4,34.4,81.1,42.5,5.7,17.1,33.5,18.9,25.1,75,11.2,29.1,40.3,19.4,14.1,7.2,5.8,6.9,19,21.3,-9.2,2012-13
269,0.244,94.1,37.7,84.2,44.8,6.2,18.7,32.9,12.5,16.6,75.5,10.9,31.9,42.7,22.8,14.5,6.4,4.4,5.2,19.4,16.5,-7,2012-13
270,0.758,96.3,37.4,82.8,45.2,6.3,16.9,37.5,15.2,21.1,72.2,13.9,32.8,46.7,23.1,14,6.9,5.9,5.2,17.3,17.7,8.2,2011-12
271,0.758,103.7,39.6,82.8,47.8,8.4,21.3,39.3,16.2,21.6,74.8,10.3,32.6,43,23.2,13.6,7.4,4.4,5,17.3,18.8,7.2,2011-12
272,0.712,103.1,37.3,79.2,47.1,7.2,20,35.8,21.3,26.4,80.6,11,32.7,43.7,18.5,16.3,7.5,8.2,4.9,20.5,20,6.1,2011-12
273,0.697,98.5,37.1,79,46.9,5.6,15.6,35.9,18.8,24.2,77.5,10.4,31.2,41.6,20,15.2,8.9,5.4,4.2,19.4,20.5,6,2011-12
274,0.636,97.7,35.7,81.4,43.8,5.9,16.1,36.8,20.4,26.1,78.2,12.5,31.4,43.9,18.6,14,7.9,5.4,6,21.7,21.6,3.3,2011-12
275,0.621,97.3,36.8,80.6,45.7,5.5,16.8,32.6,18.2,24.1,75.6,12.1,34.1,46.2,22.5,15.1,5.9,5.3,4.6,16.8,20.2,1.4,2011-12
276,0.621,95,36.7,82.2,44.7,4.2,12.9,32.6,17.3,22.8,75.9,12.6,29.5,42,19.5,14.5,9.6,5.2,5.5,19.9,19.3,2,2011-12
277,0.606,96.6,36.8,81,45.4,7.5,20.2,37,15.5,21,74,9.9,31.3,41.2,22.4,14,8.1,4.6,4.7,17.8,19.1,3.4,2011-12
278,0.606,97.5,37,81.3,45.5,7.8,21.8,35.7,15.8,23.3,68,12.1,29.4,41.6,21,13.3,8.4,4.8,4.5,21.2,21.2,2.6,2011-12
279,0.591,91.8,35.5,77.1,46,5.5,15,36.7,15.4,19.8,77.8,7.7,31.1,38.8,23.6,14.8,7.5,5.5,4.6,19.9,18.4,2.5,2011-12
280,0.576,104.1,39,81.9,47.6,6.6,19.9,33.2,19.6,26.7,73.5,11.2,31.9,43.1,24,15.4,8.2,5,6.7,19.7,22,2.9,2011-12
281,0.561,94.2,34.5,78.2,44.1,10.2,27,37.5,15.1,22.8,66,11.2,31.2,42.5,20,14.9,6.8,4.2,4.1,17.7,19.8,0.8,2011-12
282,0.545,95.8,36.3,82,44.3,7.5,22.2,33.9,15.6,20.2,77.1,10.1,32.7,42.8,20.9,14,8.6,5.1,4,18.6,18.4,1,2011-12
283,0.545,97.8,35.8,80.8,44.3,7.8,23.3,33.6,18.3,24.8,74.1,11.3,30.5,41.7,20.1,16,9.4,4.2,5.1,21.1,21.8,3.2,2011-12
284,0.545,99.7,38.2,83.8,45.6,4.1,12.8,32.3,19.1,25.3,75.4,13,31.1,44.2,21.8,14.2,8.3,5.8,5.7,21.8,20.7,0.6,2011-12
285,0.53,93.6,37.4,83.6,44.8,5.3,14.6,36.2,13.5,18.2,74.2,10.7,32.5,43.2,22,11.2,8,5.2,4.8,17.5,16.2,4.2,2011-12
286,0.515,98.1,37.7,84,44.9,7.2,20.2,35.9,15.4,19.7,78.2,11.7,30.5,42.2,21.3,14.5,7.5,4.8,5.2,20.4,18.4,0.2,2011-12
287,0.5,98.4,37.8,82.5,45.8,6.7,19.6,34.3,16,21.2,75.7,10.9,30.8,41.7,22.5,14.1,6.5,5.5,4.4,18.7,19.6,-0.2,2011-12
288,0.47,99,37.9,85.6,44.3,6.6,19.2,34.5,16.6,21.4,77.4,12.4,30,42.5,23.5,14.1,8.3,5.1,4.5,19.3,19.4,0.3,2011-12
289,0.424,97.2,36.4,82.1,44.3,7.2,20.9,34.6,17.2,21.6,79.6,11.1,29.5,40.7,20.4,14.2,8,4.9,4.8,19,19.8,-0.6,2011-12
290,0.394,97.9,35.7,82.3,43.3,7.2,21.6,33.2,19.4,25.2,77.1,12.1,31.7,43.7,19.5,15.2,6.6,4.4,5.7,18.4,21.7,-2.2,2011-12
291,0.379,90.9,34.7,79.3,43.8,4.8,13.9,34.6,16.6,22.1,75.2,11.7,28.5,40.3,18.7,15.7,7,4.2,5.3,19.6,19.4,-4.8,2011-12
292,0.348,97.8,37.7,82.5,45.7,7.9,20.5,38.8,14.4,18.7,77,9.7,29.5,39.2,22.3,13.9,8,5.5,5,21.4,16.6,-3.4,2011-12
293,0.348,90.7,34.4,78.1,44,5.5,16.3,34,16.4,21.4,77,10.6,31.4,42,20.9,15.2,6.5,4.9,4.9,23.2,18.4,-3.3,2011-12
294,0.333,93.1,34.3,80.6,42.5,7.7,22.4,34.2,16.9,21.7,77.7,11.9,28.5,40.3,19.9,15.1,7.5,3.9,5,19.2,19.3,-6,2011-12
295,0.333,98.8,37.7,86.5,43.6,6.2,19.7,31.6,17.1,23.2,73.6,13.4,29.5,42.9,19.3,14.4,8.5,4.9,6.4,19.5,19.9,-5.7,2011-12
296,0.318,93,34.3,81.2,42.2,6.7,19.3,34.6,17.8,24.9,71.6,12.7,29.5,42.3,19.8,15.4,7.1,4,6.2,20,20.9,-7.2,2011-12
297,0.318,89.6,34.8,77.3,45.1,3.9,11.8,33.3,16,21.2,75.7,11,30.2,41.1,20.7,15.5,7.4,4.8,5.8,20.1,18.7,-3.8,2011-12
298,0.303,93.6,36.6,83,44.1,5.2,16.3,32,15.3,21,72.7,11.7,29.9,41.7,19.1,15.3,8,6.3,4.5,21.3,18.7,-4.8,2011-12
299,0.106,87,33.2,80.2,41.4,4,13.5,29.5,16.5,22.2,74.6,10.3,28.7,39,20.1,14.5,6,5.5,5.7,18.9,20.3,-13.9,2011-12
300,0.756,98.6,37.1,80.3,46.2,6.2,17.3,36.1,18.2,24.5,74.3,11.8,32.4,44.2,22.3,14.2,7.2,5.7,5.8,20,20.1,7.3,2010-11
301,0.744,103.7,38.4,80.8,47.5,8.4,21.1,39.7,18.5,24.2,76.7,10.1,31.7,41.9,22.4,13.4,7.3,4.5,4.6,19,20.7,5.7,2010-11
302,0.707,102.1,37,76.8,48.1,6.7,18,37,21.5,27.9,76.9,9.6,32.5,42.1,20,13.9,6.6,5.2,3,20.4,21.8,7.5,2010-11
303,0.695,100.2,37.4,78.8,47.5,7.9,21.6,36.5,17.5,22.6,77.7,9.5,31.9,41.4,23.8,14,6.8,4.3,3.7,19.2,20.1,4.2,2010-11
304,0.695,101.5,38.1,82.4,46.3,6.4,18.1,35.2,18.8,24.1,77.9,12.1,31.9,44,22,13.1,7.3,5.1,4.5,19,20.7,6.1,2010-11
305,0.683,96.5,36.9,75.8,48.6,5,13.6,36.5,17.8,23.1,77,7.8,31,38.8,23.4,14.6,8.2,4.2,4.4,20.5,20.2,5.4,2010-11
306,0.671,104.8,37.4,80.6,46.4,5.9,17.1,34.7,24.1,29.3,82.3,11,31.8,42.8,20.4,14.1,8,5.9,4.3,22.4,21.5,3.8,2010-11
307,0.634,99.2,36,78.2,46.1,9.4,25.6,36.6,17.7,25.6,69.2,10.5,32.7,43.2,20,14.9,6.7,4.7,3.8,20,21.8,5.5,2010-11
308,0.61,107.5,38.4,80.6,47.6,8.1,20.8,38.8,22.7,29.6,76.5,9.6,32.3,42,22.1,14.1,7.4,4.3,6,21,22.7,4.8,2010-11
309,0.585,96.3,36,80.5,44.7,6.3,18.3,34.5,18,22.4,80.4,12.1,27.2,39.3,21.2,13,8,4.4,4.1,19.3,21.3,1.5,2010-11
310,0.561,99.9,39,82.9,47.1,3.8,11.3,33.4,18.1,24.2,75,11.8,29.2,41,20.6,14,9.4,5.4,6.2,20.8,21.4,2.3,2010-11
311,0.561,94.9,35.9,78.2,45.9,5.4,15,36,17.7,23.1,76.5,10,30.1,40.1,20.6,13,7.6,4.4,4.8,21,20.4,0.9,2010-11
312,0.537,95,36.2,78.4,46.2,6.1,17.4,35.2,16.4,21.1,77.9,9.3,30,39.3,22,13.6,6.1,4.2,4.2,19,18.5,-0.8,2010-11
313,0.524,105.9,38.7,85.1,45.4,8.3,22.5,36.7,20.3,25.4,80.1,11.7,31.1,42.8,23.8,13.5,7.1,4.5,5.5,20,21.4,2.2,2010-11
314,0.512,106.5,38.3,83.7,45.7,9.3,25.4,36.8,20.6,25.5,80.9,10.3,30.1,40.5,21.4,13.7,7.6,5.8,4.4,21.3,20.8,0.8,2010-11
315,0.5,99,38.1,82.6,46.1,5.4,15.2,35.5,17.4,22.6,77,10.4,31.4,41.8,22.7,13,7.6,4.3,4.6,19.4,18.8,1.5,2010-11
316,0.488,105,39.3,83.5,47,8.5,22.6,37.7,18,23.6,75.9,10,30.2,40.2,23.7,14.3,6.6,4.4,4.3,20.3,21.2,-0.9,2010-11
317,0.476,99.4,37.4,80.4,46.5,5.3,15.3,34.6,19.4,25.1,77.1,11,28.5,39.5,23.4,14.3,7.7,5.9,5,22.7,22,-1.8,2010-11
318,0.451,99.8,36.6,82.8,44.2,7.1,20.2,35.4,19.4,24.8,78.2,11.1,32.4,43.5,19.6,15.4,7.1,5.6,5.7,21.7,21.4,-1.1,2010-11
319,0.439,103.4,39.6,85.9,46.1,8.4,21.3,39.2,15.7,20.7,76.1,11.6,28.9,40.5,22.5,14.6,9,5,4.3,22,18.4,-2.3,2010-11
320,0.427,91.9,34.3,79.8,43,5.9,17.2,34.2,17.4,22.9,75.7,10.5,30.2,40.8,18.8,13.5,7.5,4.9,4.8,20.5,20.7,-0.8,2010-11
321,0.415,93.3,35,77.6,45.1,4.8,14.7,32.7,18.4,24.4,75.6,10.3,29.8,40.1,21.1,14.5,6.4,5.3,6,20,21.1,-4,2010-11
322,0.39,98.6,36.8,80.4,45.7,6.3,18.5,33.8,18.9,26.7,70.7,11.6,30.5,42.1,22.1,16.4,7.1,4.9,4.9,21.1,22.1,-3.1,2010-11
323,0.366,97,37.3,81.1,46,5.8,15.3,37.6,16.7,22.6,73.7,11.4,27.3,38.6,21.1,13,7.3,4,4.6,19.9,18.8,-3.6,2010-11
324,0.293,94.2,35.6,81,44,5.6,16.3,34.3,17.4,22.9,75.9,11.1,29.8,40.8,21,14,5.6,4.7,4.6,22,20,-6.2,2010-11
325,0.293,99.4,38.2,85.1,44.9,5.2,15.6,33.5,17.7,24.2,73.4,13.1,30.8,43.9,20.4,16.1,7.4,4.8,5.7,22,21,-5.3,2010-11
326,0.28,97.3,37.2,84,44.3,4.8,14.4,33.2,18.2,24.4,74.5,12.4,29,41.3,19.4,15.3,8.1,6.1,5,22.6,20.3,-7.4,2010-11
327,0.268,99.1,38.3,82.4,46.5,4.2,13.3,31.6,18.2,24.1,75.5,11.7,28.6,40.3,21.9,14.7,7.1,4.3,5.6,22,19.8,-6.3,2010-11
328,0.232,95.5,35.2,81.1,43.4,6.2,18.2,34.2,18.9,25.3,74.5,10.4,29.9,40.3,21,14.2,6.6,4.2,6,20.1,21.3,-9,2010-11
329,0.207,101.1,37.7,85.5,44.1,7.2,19.1,37.6,18.5,24.1,76.8,13.2,31.2,44.4,20.1,17,7.2,5.1,5.5,22.3,20.9,-6.6,2010-11
330,0.744,102.1,37.8,77.9,48.5,7.3,19.3,38.1,19.1,26.6,72,9.6,32.8,42.5,22.4,13.9,6.9,5.2,4,19.4,20.8,6.5,2009-10
331,0.72,102.8,36.6,78,47,10.3,27.3,37.5,19.2,26.5,72.4,9.9,33.4,43.2,19.7,14.1,6.2,5.6,3.5,19.9,22.2,7.5,2009-10
332,0.695,101.7,38.3,83.8,45.7,6.5,19,34.1,18.5,24.2,76.5,11.9,32.5,44.3,21.1,13.4,7.5,4.9,4.4,19.4,21.2,4.7,2009-10
333,0.671,102,38.3,82.4,46.4,6.8,18.3,37.2,18.6,22.8,81.6,10.2,31.5,41.7,23.4,12.9,7.6,5.5,4.1,19.1,20.1,2.7,2009-10
334,0.659,110.2,40.7,82.8,49.2,8.9,21.6,41.2,19.9,25.8,77,11.1,31.9,43,23.3,14.8,5.8,5.1,4.5,20.9,21.8,4.9,2009-10
335,0.646,101.7,38.8,82.9,46.8,6.4,17.7,36,17.7,23.3,75.9,11.8,29.9,41.7,21.8,12,7.2,5,4.4,19.9,19.3,4.7,2009-10
336,0.646,106.5,38.1,81.4,46.8,6.6,18.5,35.9,23.6,30.6,77.2,10.8,30.5,41.4,21,13.9,8.3,5.1,5.3,22.5,23.7,4.1,2009-10
337,0.646,104.2,39.4,80.2,49.1,5.4,14.7,36.4,20.2,27.2,74.1,10.6,31.6,42.2,26.7,15.2,8.2,4.9,5.4,22.7,22.2,5.3,2009-10
338,0.61,99.2,37.1,76.8,48.3,6.1,17.5,34.8,19,25.5,74.6,8.7,29.9,38.6,23.5,14.9,8.5,4.9,4.7,22.1,21.7,3.7,2009-10
339,0.61,101.5,37.4,80.8,46.2,5.1,15,34,21.7,27,80.5,11.7,31.8,43.5,20,15,8,5.9,4.7,21.3,21.4,3.5,2009-10
340,0.61,98.1,36.3,78.7,46.1,6,16.9,35.4,19.6,24.8,79,11.1,29.1,40.2,20.4,12.3,6.4,4.3,4.1,20.9,21.5,3.3,2009-10
341,0.61,101.4,38.4,81.2,47.3,6.8,18.9,35.8,17.8,24,74,10.8,32,42.8,22.3,13.6,6.3,4.6,5.1,20.4,20.4,5.1,2009-10
342,0.573,96.5,36.4,79.5,45.8,6,17.4,34.6,17.7,23.5,75.2,10.7,31.1,41.8,18.9,13.2,7.4,5.6,4.3,20.9,20,2.3,2009-10
343,0.561,97.7,37.2,85.3,43.6,7.9,22.1,35.6,15.4,20.4,75.5,11.8,31.2,43,21.2,13.2,7.1,4.7,5.1,22.2,20.3,1.7,2009-10
344,0.537,95.3,34.9,76.9,45.3,5.6,16.2,34.6,20,26.6,75.1,10.5,30.4,40.8,20.2,15.7,7.7,5.4,6.1,19.5,22,1.5,2009-10
345,0.512,102.4,37.7,84.4,44.7,7.9,22.4,35.1,19,24.7,77.2,11.8,30.1,42,21.8,14.5,7.1,3.9,6.5,20.9,22.4,-0.4,2009-10
346,0.5,97.5,37.6,83.2,45.1,4.3,13,33,18,23.9,75.4,11.4,33.1,44.5,20.8,14.3,6.5,5.8,5.3,20.1,20,-1.6,2009-10
347,0.488,102.5,39.3,83.8,46.9,4.2,12.4,33.7,19.7,26.9,73.3,13,30.4,43.5,18.8,15.2,7.9,4.9,6.1,20.2,22.4,-1.5,2009-10
348,0.488,104.1,39,80.9,48.2,6.3,17,37.1,19.7,25.8,76.4,9.8,30.6,40.4,22,13.4,5.7,4.7,4.4,22.2,21.1,-1.8,2009-10
349,0.451,100.2,38.8,83.4,46.4,7,19.2,36.3,15.8,20.3,77.8,10.4,29.9,40.3,22.3,13.5,7.6,3.7,4.5,19.6,19.5,-2.5,2009-10
350,0.39,100.8,36.8,83.2,44.3,8,23.1,34.8,19.1,24.6,77.5,9.6,31.9,41.5,21.1,15,7.1,5.4,5,22.5,20.8,-3,2009-10
351,0.354,95.7,36.6,80.5,45.5,5.9,17.8,33.2,16.6,22.8,73,11.3,30.5,41.8,22.1,15.7,6.5,5.7,4.4,19.3,19.4,-6.4,2009-10
352,0.354,102.1,38.1,83.9,45.5,9.1,26.2,34.6,16.8,21.5,78.2,10.2,30.2,40.4,21.6,14,7.1,3.7,4.5,20,19.2,-3.8,2009-10
353,0.329,94,35.9,80.5,44.5,4.6,14.5,31.4,17.7,24.4,72.8,12.8,27.3,40.2,19.4,13.4,7.3,3.8,4.9,22.2,20.8,-5.1,2009-10
354,0.329,97.7,37.6,81.8,46,5.8,16.8,34.3,16.7,22,75.6,11.5,29.5,41,21,14.5,8.1,5.4,4,20.5,18.7,-3.9,2009-10
355,0.317,108.8,40.6,86.5,46.9,7.7,20.6,37.5,19.9,25.4,78.2,9.2,29.2,38.4,22.4,14.7,9.3,4.1,5,23,21.4,-3.6,2009-10
356,0.317,96.2,36.7,81.7,44.9,5.3,14.9,35.3,17.6,23.1,76.2,11.8,30,41.8,19,14.9,6,5.1,5.1,21.4,20.5,-4.8,2009-10
357,0.305,100,38.3,84.1,45.6,5.9,16.9,34.9,17.4,24,72.6,11.9,30.7,42.6,20.5,15,6.9,4.5,5.7,22.3,20.1,-4.4,2009-10
358,0.183,98.2,37.9,84.4,44.9,4.9,14.4,34.1,17.5,23.5,74.6,11.7,31.2,42.9,19.8,16.3,7.3,3.7,5.4,20.7,20.6,-9.6,2009-10
359,0.146,92.4,34.3,79.9,42.9,4.6,14.5,31.8,19.2,24.6,78,10.9,28.8,39.7,18.8,14.4,7,4.8,5.1,20,20.1,-9.1,2009-10
360,0.805,100.3,36.9,78.7,46.8,8,20.4,39.3,18.6,24.5,75.7,10.8,31.4,42.2,20.3,12.7,7.2,5.3,4.1,20.3,20.3,8.9,2008-09
361,0.793,106.9,40.3,85.1,47.4,6.7,18.5,36.1,19.6,25.5,77,12.4,31.5,43.9,23.3,13.5,8.8,5.1,4.8,20.7,22.1,7.7,2008-09
362,0.756,100.9,37.5,77.2,48.6,6.6,16.5,39.7,19.4,25.3,76.5,10.6,31.5,42.1,22.7,15.6,7.6,4.7,4.7,23.1,22.2,7.5,2008-09
363,0.72,101,35.7,78.2,45.7,10,26.2,38.1,19.6,27.5,71.5,10,33.3,43.3,19.4,13.9,7,5.4,3.8,20.3,22.4,6.7,2008-09
364,0.659,104.3,37.3,79.4,47,6.7,18,37.1,23.1,30.3,76,11,30.6,41.6,22.2,15.3,8.7,6,5.5,22.9,23.7,3.4,2008-09
365,0.659,99.4,36.8,79.2,46.5,7.3,19,38.3,18.5,24.2,76.5,12.9,28.8,41.7,20.3,12.9,6.7,4.9,3.9,20.4,21.1,5.3,2008-09
366,0.659,97,37.1,79.7,46.6,7.6,19.8,38.6,15.2,20,76.1,8.9,32.2,41,21.2,11.7,5.8,4,4.3,18.9,18.4,3.8,2008-09
367,0.646,98.4,36.1,79.6,45.3,7.6,20.2,37.5,18.7,23.2,80.5,10.5,32.5,43,20.3,14.1,6.7,4.3,5.3,18.9,20.6,4,2008-09
368,0.61,101.7,38.1,82.6,46.2,7,19.9,35,18.5,22.6,81.9,11.1,31.6,42.7,21.7,12.7,7.2,5.2,4.1,19.5,20.1,2,2008-09
369,0.598,95.8,35.5,77.6,45.7,6.8,18.6,36.4,18,22.4,80.7,9.8,29.9,39.7,19.6,12.5,7.2,4.1,3.5,20.3,20.4,1.5,2008-09
370,0.585,103.6,38.3,80.8,47.5,4.8,13.7,34.9,22.1,28.7,77.1,11.5,29.5,41,24.7,14.8,8.8,4.6,5.2,22.3,24,2.6,2008-09
371,0.573,98.1,36,78.7,45.8,7.3,19.9,36.6,18.7,25.4,73.7,10.6,29.4,40,20.2,12.8,7.4,4.6,4.3,19.6,20.5,1.6,2008-09
372,0.561,109.4,41.1,81.6,50.4,6.7,17.6,38.3,20.4,27.5,74.4,11,30.7,41.7,23.2,15.7,7.2,5.1,4.5,20.6,22.9,1.9,2008-09
373,0.524,98.3,37,81,45.7,7.1,19.9,35.7,17.2,22.8,75.4,10.1,29.4,39.5,20.4,12.5,7.9,5.5,4.1,20.7,19.9,0.3,2008-09
374,0.5,102.2,38.1,83.5,45.7,6,15.8,38.1,19.9,25,79.6,11.8,30.3,42.1,21.1,14.5,7.5,5.5,5.5,20.8,20.8,-0.3,2008-09
375,0.5,97.4,36.5,79.7,45.9,4.2,13.1,31.8,20.1,27,74.5,12.7,28.5,41.2,20.1,14.1,8,5.1,4.9,20.1,21.8,0.1,2008-09
376,0.476,94.2,36.4,80,45.4,4.6,13.2,34.9,16.9,22.5,75.1,11.6,29.9,41.4,20.6,11.9,6,4.6,4.2,20.9,19.7,-0.5,2008-09
377,0.439,105.1,39.3,86.3,45.5,8,21,37.8,18.6,23,80.7,11.3,32.5,43.7,21.6,14.5,7,5.3,5.4,23.1,20.6,-1.1,2008-09
378,0.427,93.6,35,76.8,45.5,6,16.3,36.6,17.7,24,74,10.8,28.9,39.7,21.2,15.6,7.1,4.8,6,21.4,20.9,-1.3,2008-09
379,0.415,99.3,36.7,82.4,44.5,6.2,17.2,36.3,19.7,25.2,78,11.9,28.9,40.7,22,14.1,7.4,3.8,4.6,24.2,22.5,-1.1,2008-09
380,0.415,98.1,35.7,79.7,44.8,8,21.2,37.6,18.8,24.1,77.9,10.4,29.5,39.8,20,13.1,6.8,4.8,4.8,22.4,20.5,-2.4,2008-09
381,0.402,99,37.2,81.4,45.8,5.8,15.7,37.2,18.7,22.7,82.4,9.8,30.6,40.4,22.4,13.4,6.4,4.8,4.7,19.4,20.1,-2.8,2008-09
382,0.39,105.2,38.5,86.5,44.5,10,27.9,36,18.2,23.2,78.4,11.1,31,42.1,21.2,14.3,7.4,2.5,5.3,20.4,19.4,-2.6,2008-09
383,0.354,108.6,39.4,86,45.8,6.7,18,37.3,23.1,29.2,79.1,11.6,30.4,42,20.9,14.6,7.8,6.4,5,22.5,23.5,-3.7,2008-09
384,0.293,93.9,34.9,77,45.4,4.9,13.5,36,19.1,25.3,75.6,10.3,28.5,38.8,17.4,15.3,7.5,4.7,5.4,21.7,21.8,-5.5,2008-09
385,0.293,97.8,36.4,82.5,44.1,6.6,18.8,35.3,18.3,23.9,76.9,11.9,29.8,41.7,20.4,14.2,6.2,3.9,5.9,21.8,20,-4.9,2008-09
386,0.28,97,36.6,81.9,44.7,4,11.6,34.6,19.8,25.2,78.6,12.2,30.5,42.6,20.3,16.2,7.4,4.5,5,20.2,20.2,-6.1,2008-09
387,0.232,95.1,36,81.7,44.1,6.5,18.5,35.4,16.5,22.4,73.6,10.9,29,39.8,21,14.9,7,5.9,5,20.1,19.6,-8.8,2008-09
388,0.232,96.1,36.5,81.2,45,4.8,14.6,33,18.2,23.8,76.7,11.7,28.4,40.1,20,14,7.5,4.5,5.3,20.5,20,-7.5,2008-09
389,0.207,100.6,36.5,81.5,44.7,7.1,19.4,36.8,20.5,25.7,79.8,10.2,28.9,39.1,19.7,15.4,6.9,4.3,5.2,23.3,21.2,-8.8,2008-09
390,0.805,100.5,36.4,76.7,47.5,7.3,19.1,38.1,20.5,26.5,77.1,10.1,31.9,42,22.4,15.2,8.5,4.6,4.7,22.7,22.2,10.3,2007-08
391,0.72,97.5,36.6,79.9,45.8,5.9,16.2,36.6,18.4,24,76.7,11.9,29.5,41.4,22.3,11.7,7.1,5.8,3.9,20.6,19.7,7.4,2007-08
392,0.695,108.6,39.6,83.1,47.6,8.1,21.4,37.8,21.3,27.7,76.9,11,33.2,44.1,24.4,14.1,8,5.3,4.5,20.6,22.6,7.3,2007-08
393,0.683,100.9,38.6,82.9,46.6,7.7,19.8,38.9,16,20.8,76.9,11.4,30.4,41.8,21.8,11.9,7.8,3.9,4,18.7,19.2,5.3,2007-08
394,0.683,95.4,35.8,78.3,45.7,7.2,19.6,36.9,16.5,21.6,76.1,9.4,31.9,41.3,21,12.6,6.4,4.1,4.4,18.7,19.8,4.8,2007-08
395,0.671,96.7,36.6,81.7,44.8,7.1,20.8,34.2,16.4,22.5,72.6,12.2,32.4,44.6,21.4,13.7,7.3,5.1,4.6,19.6,19.7,4.7,2007-08
396,0.671,110.1,41.4,82.7,50,8.5,21.5,39.3,18.9,24.1,78.3,8.8,32.7,41.5,26.7,14.4,6.5,6.3,3.8,19.9,21.1,5,2007-08
397,0.659,106.2,40,80.4,49.7,5,13.4,37.2,21.3,28,75.9,11.5,29.4,40.9,26.4,14.6,8.7,4.3,5.1,24,23.1,6.9,2007-08
398,0.634,104.5,37.3,78.6,47.4,9.8,25.3,38.6,20.1,27.9,72.1,9.4,32.6,42,20.8,14.3,6.3,4.1,4.2,20.6,23.1,5.5,2007-08
399,0.622,100.4,36.9,79.5,46.4,6,17.1,35.2,20.6,25.3,81.4,10.8,32.2,43,21,12.6,6,4.9,4.4,21.8,21.2,4.5,2007-08
400,0.61,110.7,40.3,85.8,47,6.9,19.6,35.5,23.1,30.7,75.1,11.2,32.9,44.1,24.7,14.7,9.2,6.7,4.8,21.1,23.8,3.7,2007-08
401,0.585,111,41.5,90.3,45.9,9.3,26.6,34.8,18.8,24.9,75.2,12.7,30.4,43.2,22.4,13.2,9.1,4.6,5,22.9,21.2,2.2,2007-08
402,0.549,96.4,35.8,81.7,43.9,6.7,18.8,35.8,18,25.1,71.7,13.3,31.3,44.6,20,14,7.1,5.2,4.7,20.9,20.3,-0.4,2007-08
403,0.524,98.8,36.4,81.6,44.6,7,19.7,35.6,19,24.3,78.2,12.3,29.3,41.6,19.6,13.2,7.7,4.8,4.4,19.6,20.2,-0.3,2007-08
404,0.5,95.4,35.8,79.8,44.8,6.6,17.4,37.7,17.2,22.5,76.7,11,29.7,40.7,21.1,12.9,5.5,4.4,3.7,20,20.2,-1,2007-08
405,0.5,100.2,38.4,82,46.8,7,17.8,39.2,16.4,20.2,81.2,9.6,30.4,40.1,23.8,11.7,7,4.1,4.1,19.5,18.4,2.9,2007-08
406,0.488,96.6,37.3,81.1,46,3.7,11.6,31.7,18.4,26.1,70.6,13,28.9,41.9,20.4,14.3,8.7,4.9,5.1,19.8,20.8,0.4,2007-08
407,0.463,102.5,37.1,80,46.4,6.2,16.7,37.3,22.1,27.7,79.8,10.1,30,40.1,19.1,16.1,7.9,4.1,5.5,22.4,23.1,-2.3,2007-08
408,0.451,98.2,36.3,79.9,45.4,4.7,13.1,35.6,21,27.2,77.2,12.3,29.9,42.2,22,14.9,7.3,5.5,5.1,20.4,21.9,-1.8,2007-08
409,0.439,104,37.8,85.3,44.4,9.2,24.6,37.4,19.1,24.9,76.8,11,32.1,43.1,22.7,15.1,7.6,5,5.1,23.4,21.7,-1.4,2007-08
410,0.415,95.8,34.8,78.7,44.3,6.1,17.4,34.8,20.1,27.3,73.6,11.1,30.7,41.9,23.5,15,6.4,4.8,4.4,22.6,22.4,-5.1,2007-08
411,0.402,97.3,36.4,83.7,43.5,5.8,15.9,36.3,18.7,24.7,75.6,12.8,30.2,43,22.1,14.6,7.7,5.2,5.7,21.8,21.3,-3.1,2007-08
412,0.39,97.1,36.1,79.9,45.2,6.5,17.6,36.7,18.4,25.8,71.4,10.9,29.8,40.6,21.3,14.7,7.5,4.9,5.8,21.7,21,-4.4,2007-08
413,0.317,97,36.9,82.3,44.9,5.5,16,34.4,17.7,24.1,73.3,12.9,28.8,41.7,21.5,14.8,6.6,4.4,4.9,21.3,21.1,-6.9,2007-08
414,0.28,93.8,34.4,78.6,43.8,4.3,13.2,32.4,20.8,26.6,78.1,9.8,30.4,40.1,21.1,14.4,6.8,4.9,4.7,21.3,21.6,-7.3,2007-08
415,0.28,96.9,36.2,82.4,43.9,6,17.7,33.7,18.6,25.5,72.7,12.5,30,42.5,18.7,14.5,6.4,2.6,5.2,21.5,20.3,-6.6,2007-08
416,0.268,100.7,37.3,82.2,45.4,7.6,21.7,34.9,18.5,25.6,72.3,10.3,31.3,41.6,19.2,15.3,6.1,4.7,4.9,19.4,22.5,-6.2,2007-08
417,0.268,95.6,37.5,83.1,45.1,5.4,15.4,35,15.2,20.6,73.6,11.8,29.6,41.4,19.9,14.5,7.5,3.7,5.7,23,17.5,-6.8,2007-08
418,0.244,97.5,38.1,85.8,44.4,3.8,11.5,33.3,17.5,22.8,77,11.8,32.8,44.6,21.3,16,6.5,4.9,5.4,20.5,19.6,-8.8,2007-08
419,0.183,91.4,34.2,77.3,44.3,6,16.7,35.8,16.9,23.2,72.7,9.1,28.6,37.6,20,14.7,7.2,4.3,4.2,20.4,20.1,-8.6,2007-08
420,0.817,100,36.7,78.6,46.7,6.5,17.1,38.1,20.1,24.9,80.5,11.2,30.7,41.9,19.9,13.9,6.8,5,3.8,22.4,22.1,7.2,2006-07
421,0.744,110.2,41.3,83.6,49.4,9.6,24,39.9,18,22.3,80.8,9,31.5,40.5,25.9,14.5,6.7,4.8,3.7,20.2,21.5,7.3,2006-07
422,0.707,98.5,36.6,77.2,47.4,7.3,19,38.1,18.1,24.1,75.1,9.3,31.4,40.7,22.1,13.9,7.2,5.1,4.1,19.4,21.2,8.4,2006-07
423,0.646,96,35.9,79.1,45.4,5.5,15.9,34.4,18.8,24.2,77.4,11.6,29,40.5,21.6,12.2,7.1,5.8,3.5,20.4,20.3,4.2,2006-07
424,0.634,97,35.4,79.6,44.5,8.6,23.1,37.2,17.5,23.2,75.3,10.7,32.6,43.3,20.8,14.2,7.1,4.1,4.3,20.9,19.9,4.9,2006-07
425,0.622,101.5,37.4,78.9,47.4,4.3,12.9,33.5,22.3,30,74.3,12.6,30,42.5,24.7,15.6,7,4.1,5.3,25.2,24.5,2.9,2006-07
426,0.61,96.8,36.3,81.2,44.7,6,17.1,35.2,18.1,26,69.6,12.7,30.8,43.5,20.8,14.4,7.6,4.3,4.3,21.7,22,3.8,2006-07
427,0.598,98.8,37.1,81.3,45.7,5.9,15.1,38.8,18.6,25.4,73.4,12,31.7,43.7,22.3,16,7.8,5.4,5.3,23.3,23.2,5,2006-07
428,0.573,99.5,37,79.8,46.3,6.5,17.9,36.3,19,24.2,78.8,9.2,30.2,39.5,22.2,13.5,7.1,3.9,3.9,20.4,21.8,1,2006-07
429,0.549,105.4,38.6,83,46.5,5.9,17.6,33.6,22.3,29.9,74.6,12.2,31.2,43.4,23.4,16.5,8.3,5.3,5.2,21.4,23.7,1.6,2006-07
430,0.537,94.6,35.6,76.7,46.4,6.4,18.8,34.3,17,24.6,69,10,30.8,40.8,20.5,14.6,6.9,5.4,3.8,21.3,21.8,-0.9,2006-07
431,0.512,106.5,39.8,86,46.3,8.5,24,35.6,18.5,25.8,71.7,11.5,29.9,41.4,23.8,16,9.1,5.7,4.9,23.6,22.3,-0.3,2006-07
432,0.512,103.3,37.8,81.3,46.6,7.4,21,35.3,20.2,27.1,74.7,10.8,30.4,41.2,22.6,15.5,7.3,5.1,5,23,23.4,-0.1,2006-07
433,0.5,97.6,35.5,77.8,45.7,7.4,20.4,36.3,19.1,26.3,72.7,10,30.8,40.8,23.9,14.8,6.1,3.3,4.5,22.8,23,-0.8,2006-07
434,0.5,104.3,37.4,83.2,45,6.8,19.7,34.8,22.6,29.6,76.5,12.2,29,41.2,20.2,13.8,7.7,4.6,4.6,22.2,23.5,-0.5,2006-07
435,0.488,95.6,35.1,77,45.6,3.8,11,34.8,21.6,27.4,78.8,10.8,30.3,41.1,21.5,15.1,7.3,5.8,3.9,22.7,22.3,-0.5,2006-07
436,0.488,94.8,35.1,74.3,47.2,4.2,11.7,35.6,20.5,29.2,70.2,11.2,29.5,40.7,18.6,17,6.9,5.1,4.6,23.2,23.4,0.8,2006-07
437,0.476,95.5,36.2,81.4,44.5,5.5,15.3,36.2,17.5,23.7,74,12.5,30.6,43.1,18.7,14.5,6.4,4.2,4.8,19.8,21.1,-1.6,2006-07
438,0.427,95.6,35,80,43.8,5.9,16.9,34.6,19.7,25.9,76,12.1,29.8,41.8,20.5,16.3,7.3,5.5,5,23.3,23.7,-2.4,2006-07
439,0.427,94.9,35.8,78.1,45.8,3.5,10,34.5,20,26,76.7,11,28.7,39.7,20.4,15.3,7.2,4.8,3.9,20.4,22,-3,2006-07
440,0.402,96.9,36.1,81,44.6,5.6,15.6,35.7,19.1,26,73.4,11.2,28.6,39.8,22.4,14.9,7.8,4.5,5.3,24.2,21.8,-3.7,2006-07
441,0.402,97.5,35.4,77.5,45.7,5.8,16.7,34.6,20.9,29.2,71.5,12.6,30.7,43.3,18.7,17.1,6.6,3.2,5,23.6,22.9,-2.9,2006-07
442,0.402,101.3,35.9,79.7,45,6.5,18.5,35,23.1,30.2,76.5,9.7,29.2,38.9,20.3,14.6,8.2,3.2,4.9,21.9,24.3,-1.8,2006-07
443,0.39,96.1,36.5,79.3,46.1,4.7,13.3,35.3,18.3,23.1,79.2,10,30.2,40.1,22.5,15.6,6.5,4,4.4,21.4,20.5,-3.7,2006-07
444,0.39,94.1,35,78,45,5.2,15,34.6,18.8,24.5,76.9,11.3,28,39.3,18.5,15.1,6.8,4.6,4.6,23.5,21.3,-4.3,2006-07
445,0.378,99.1,37.2,80.8,46,6.4,17.7,36.2,18.4,23.3,79.1,11.3,28.3,39.6,20.7,15.5,7.7,3.7,4.2,22,19.9,-2.9,2006-07
446,0.366,93.7,34.5,77.7,44.4,4.2,12.7,32.9,20.5,26.9,76.1,11.9,28.2,40.1,19.2,15.9,7.4,5.4,5.1,24,22.6,-4.8,2006-07
447,0.341,99.7,38.1,81.9,46.5,6.4,18,35.6,17.1,23.4,73.3,11.5,27.7,39.2,21.6,15.1,7.2,2.7,5.3,22.2,21,-4.4,2006-07
448,0.293,95.8,34.9,78.7,44.3,5.7,15.6,36.7,20.4,26.6,76.7,11.2,29.2,40.4,19.9,16.5,7.2,4.7,5.5,24,21.4,-3.4,2006-07
449,0.268,101.6,36.6,78.6,46.5,6.1,16.6,36.7,22.4,29.4,76.1,10.6,29,39.5,20.5,16.4,6.9,5,5.5,22.3,24.3,-5.1,2006-07
450,0.78,96.8,36.4,80,45.5,6.8,17.7,38.4,17.3,23.8,72.7,11.9,28.6,40.5,24,11.4,7.1,6,3.5,18.5,20.9,6.7,2005-06
451,0.768,95.6,36.5,77.3,47.2,6.4,16.6,38.5,16.2,23.1,70.2,10.4,31.1,41.5,20.9,13.7,6.6,5.7,4.2,20.9,20.6,6.8,2005-06
452,0.732,99.1,36,77.7,46.2,5.1,13.6,37.4,22.2,28.3,78.3,12.6,29.6,42.2,18,13.6,7.2,6,4.9,22.4,23.6,6.1,2005-06
453,0.659,108.4,41.8,87.4,47.9,10.2,25.6,39.9,14.5,18,80.6,9.5,32.3,41.8,26.6,13.3,6.7,5,3.4,20.5,19.8,5.5,2005-06
454,0.634,99.9,37.1,77.5,47.8,6.1,17.6,34.5,19.7,28.2,70,10.5,32.6,43.1,20.6,14.5,6.4,5.4,3.6,22.8,23.6,3.9,2005-06
455,0.61,97.6,35.5,78.2,45.4,6.1,17.9,33.9,20.6,28.3,72.9,11.7,30.6,42.3,19,13.9,6.9,4.8,4.4,21.1,22.5,2.2,2005-06
456,0.598,92.2,33.5,74.7,44.8,7.2,19.2,37.4,18,25.3,71.1,10.2,29,39.2,19.3,13.8,7.3,5.4,5.6,21.4,22.8,3.7,2005-06
457,0.598,93.8,33.9,77,44,5.8,17.6,33,20.2,26.7,75.8,10,31,41,23,13.6,6.8,3.4,4,23.2,23,1.4,2005-06
458,0.573,97.2,36.5,78.6,46.5,3.5,10.3,34.4,20.7,26.1,79.1,10.1,33,43.1,20.8,14.5,6.5,6.1,4.3,22.8,21.7,1.6,2005-06
459,0.549,99.4,36.5,80.6,45.3,6.7,19.3,34.9,19.7,26.5,74.5,11.8,30.3,42.2,21.1,13.9,7.7,4.3,4.3,23.1,23.5,2.5,2005-06
460,0.537,100.3,37.5,81.4,46.1,4.3,13.1,32.5,21,28.2,74.4,11,30.3,41.3,23.4,14.8,8.5,5.6,5.3,22.7,23.3,0.2,2005-06
461,0.537,98.9,36,79.3,45.4,6,17.2,35.1,20.8,26.5,78.4,10.4,30.2,40.5,22.3,14.6,7.4,3.6,4.9,20.4,22.8,1.5,2005-06
462,0.512,101.7,36.3,81.2,44.7,6.1,17,35.7,23,30.4,75.7,12.6,28.6,41.2,18.6,13.9,8,4.1,4.2,22.6,25,1.9,2005-06
463,0.5,97.8,36.6,82.2,44.6,6.8,18,37.9,17.7,24,73.8,11,31.7,42.8,22,14.9,6.2,4.2,5.1,24.9,23,0.6,2005-06
464,0.5,93.9,34,76.5,44.4,6.5,18.7,34.9,19.4,26.3,73.7,11,31.2,42.2,19.9,15.3,7.3,5,4.9,22.2,22,1.9,2005-06
465,0.5,92.4,33.5,75.7,44.2,3.8,11.3,33.6,21.6,30.1,71.9,13.1,29,42.1,21.6,15.7,6.4,6,5.6,24.8,25.7,-2.6,2005-06
466,0.488,97.8,36.3,80.1,45.3,6.2,16.3,38,19,25.8,73.8,11.3,29.9,41.2,21.6,14.6,7.3,3.3,5,23.2,23.6,-1,2005-06
467,0.463,92.8,34.5,78.4,44,3.7,10.8,33.9,20.1,26.5,75.8,11.2,29,40.2,18.5,13.4,7.5,3.8,5.3,21.8,23.3,-2.8,2005-06
468,0.463,99.4,36.6,79.8,45.8,4.6,12.6,36.4,21.6,28.4,76,10.6,29.6,40.2,20.2,14.1,7.9,4.9,4.7,20.9,23.1,-2,2005-06
469,0.439,94.9,35.5,75.2,47.2,3.6,9.7,37.6,20.3,27.8,73,10.9,29.3,40.2,18.2,15.1,6.5,4.4,4.7,23.3,23.2,-1.1,2005-06
470,0.427,102.6,37.5,81.8,45.9,7.4,19.9,37.1,20.1,25.7,78.5,12.4,27.2,39.6,20.7,14.7,7.6,3.7,4.9,23.6,22.2,-3,2005-06
471,0.415,98.5,35.8,82.7,43.3,7.6,22.3,34.1,19.2,26.7,71.8,12,30.3,42.3,20.7,14.1,7.4,4.3,5,23.7,23.4,-1.4,2005-06
472,0.415,90.1,33,76.2,43.3,5.7,17.2,33.2,18.3,24.1,75.9,10.4,31.3,41.6,19.3,14.5,7.2,3.9,4.5,22.7,20.9,-1.6,2005-06
473,0.402,98,36,77.1,46.7,5.7,15.7,36.2,20.3,26.9,75.5,9.9,29.7,39.6,20.9,16.6,7,5.1,4.9,24.8,22.4,-1.5,2005-06
474,0.402,91.7,35.2,77.3,45.6,3.8,11.5,32.9,17.5,23.1,75.8,9.9,29.5,39.4,20.9,14.5,6.8,5.7,4.6,23,21.2,-1.9,2005-06
475,0.329,101.1,36.7,81,45.4,7.4,19.8,37.5,20.2,25.5,79.1,10.5,27.9,38.5,19.4,13.1,6.5,3.3,4.4,24,22.4,-3,2005-06
476,0.317,97.2,35.9,79.2,45.4,5.2,14.1,36.7,20.2,26.9,75,13,27.2,40.3,19.8,15.7,7.2,4.8,5.1,25,22.6,-4.8,2005-06
477,0.317,96.9,36.1,83.5,43.3,5.2,15.4,33.9,19.4,26.7,72.9,12.1,27.7,39.8,20.9,14.2,10,4.3,5.4,23.9,23.5,-4,2005-06
478,0.28,95.6,34.4,75.7,45.5,3.9,10.8,36.2,22.9,31.5,72.6,12.6,28.8,41.4,17.9,17.7,6.8,3.3,5.3,26.3,25,-6.4,2005-06
479,0.256,88.8,34,76.4,44.5,4.4,12.7,34.9,16.3,23.7,68.9,10.8,26.9,37.7,18.2,14.7,6.5,5.3,4.9,22.3,20.8,-9.5,2005-06
480,0.756,110.4,40.9,85.6,47.7,9.7,24.7,39.3,19,25.4,74.8,11.8,32.3,44.1,23.5,13.7,7,5.5,4.2,19.1,0,7.1,2004-05
481,0.72,101.5,37.8,77.7,48.6,5.8,15.4,37.7,20.2,30.1,67.2,10.8,32.2,43,21.8,13.7,6.4,5.8,3.2,22.1,0,6.5,2004-05
482,0.72,96.2,35.6,78.7,45.3,6.2,17,36.3,18.7,25.9,72.4,12,30.4,42.4,21.6,13.7,7.5,6.6,5.1,20.9,0,7.8,2004-05
483,0.707,102.5,37.3,81.6,45.7,5.6,15.5,36.4,22.3,28.2,78.9,12.1,30.9,42.9,19.6,13.4,8.6,5.6,4.9,22.3,0,5.7,2004-05
484,0.659,93.3,34.8,78.3,44.4,4.4,12.8,34.5,19.4,26.2,73.9,12.9,30.6,43.4,21.8,13.8,7,6.1,4.5,20,0,3.9,2004-05
485,0.634,98.9,35.1,79.2,44.4,8.1,22.2,36.5,20.5,26,79,12.7,28.2,40.9,18.1,13.6,6.7,4.1,4.8,23.7,0.1,2.3,2004-05
486,0.622,95.1,34.7,78.3,44.3,6.7,18.5,36.4,18.9,24.2,78.1,10.7,31.7,42.4,21.1,13.8,6.9,4.6,4.1,22,0,4,2004-05
487,0.61,103.7,39.1,85.1,45.9,6.4,17,37.4,19.2,24.4,78.7,12.5,29.9,42.4,24.5,13.1,8.2,3.9,4.5,20.5,0,2.2,2004-05
488,0.598,99.5,37,80.7,45.9,3.9,11.5,34,21.5,28.2,76.3,11.8,30.2,42,23.9,14.9,9.1,6,5.6,22.9,0.1,2,2004-05
489,0.573,94.5,34.7,80.4,43.2,6.2,17.5,35.7,18.7,25,75,12.2,31.6,43.8,21.3,16.7,7,4.5,5.3,24.7,0.1,1.1,2004-05
490,0.549,101.3,37.1,79.4,46.8,5.3,15.3,34.9,21.6,28.3,76.4,11.1,29.7,40.8,22.1,15.8,8.1,5.2,4.9,24.4,0,0.9,2004-05
491,0.549,93.4,34.2,76.5,44.7,6.5,18.1,35.7,18.6,24.7,75.4,10.8,28.1,39,20.9,14.6,8.5,5.8,5.8,23.3,0,2.3,2004-05
492,0.549,100.5,36.2,82.9,43.7,6.3,18.3,34.3,21.9,30.2,72.5,13.8,29,42.8,19.1,14.3,8.7,4.2,5,22,0,-0.3,2004-05
493,0.537,93,32.5,75.2,43.2,6.6,19.2,34.4,21.3,26.9,79.2,10.6,29.5,40.1,18.2,14.3,7.5,4.4,4.9,23,0.1,0.8,2004-05
494,0.537,96.8,37.1,80.8,45.9,4.8,14,34.5,17.7,22.2,79.6,11.5,31.5,43,23.4,13.2,5.6,5.5,3.9,21.6,0,1.5,2004-05
495,0.524,99.1,35.9,82.1,43.7,6.2,17.7,34.8,21.1,26.8,78.9,11.1,30.9,42,20.9,15.5,9.2,3.9,4.7,22.9,0,-0.7,2004-05
496,0.512,96.5,36.5,81.5,44.7,3.7,11,33.2,19.9,26.5,75.2,13.6,28.7,42.3,22.6,13.9,8,5.6,5.1,22.6,0,0.8,2004-05
497,0.512,91.4,33.6,78.3,42.9,5.3,14.7,36.2,19,24.9,76.3,10.4,29.1,39.5,21.6,14.2,7.9,3.8,4.9,24.2,0,-1.5,2004-05
498,0.451,95.7,35.7,77.7,45.9,2.8,8.2,34.5,21.6,27.7,77.8,12,29.9,41.9,23.2,15.7,7.3,5.1,4.8,22.2,0,-0.8,2004-05
499,0.439,99.5,37,81.5,45.4,3.9,11.2,34.9,21.6,28.5,75.9,12.7,31,43.7,19.3,16.1,7.7,5.4,4.3,23.6,0,-2.2,2004-05
500,0.415,98.7,36.9,85.8,43,7.6,21.6,35.2,17.2,23.8,72.2,13,29.7,42.7,22.1,13.6,7.8,5.1,5.1,22.4,0,-2.2,2004-05
501,0.415,98.7,35.3,80.8,43.7,7.9,22.1,35.5,20.3,26.1,77.7,12.5,30.6,43.2,20.4,14.3,6.2,4.2,5.1,21.9,0,-3,2004-05
502,0.402,97.3,36.3,80.5,45.1,5.4,15.1,35.6,19.3,25.1,76.7,11.8,29.2,41,20.3,14.7,7.7,3.2,4.7,23.7,0.1,-2.4,2004-05
503,0.402,99.7,36,81.2,44.4,7.9,20.5,38.5,19.8,25.6,77.4,10.3,29.8,40.1,20.4,13.3,7.6,3.9,4.4,22.9,0,-1.6,2004-05
504,0.366,97.2,36.1,80.2,45,4,11.3,35.1,21,27.2,77.2,12,29.3,41.3,21,13.8,6.5,3.5,4.5,21.9,0.1,-3,2004-05
505,0.329,92.9,35.3,78.3,45.1,5.1,14.2,36.2,17.2,23.7,72.5,11.8,29.3,41.1,21,16,7.1,6.6,5,20.8,0.1,-4,2004-05
506,0.317,93,34.5,76.8,44.9,3,9.3,32.8,21,27.7,75.7,12.8,27.4,40.1,22.3,15.8,6.6,4.6,5.8,26.7,0,-4.3,2004-05
507,0.22,94.3,36.1,83.6,43.2,3.9,10.7,36.3,18.1,25.6,70.9,13.2,28.5,41.7,21.9,14.5,8.5,5.4,5.4,23.1,0,-6,2004-05
508,0.22,88.4,33.1,80,41.5,5.1,16,31.5,17.1,22.3,76.6,12.4,27.8,40.2,21,14.8,6.7,3.8,5.5,23,0,-7.1,2004-05
509,0.159,92.7,35.9,81.4,44.1,3.7,11.9,31.2,17.3,24.3,71.1,13.4,28.5,41.9,19.7,16.1,7.7,4.2,5.9,24.5,0,-9.7,2004-05
510,0.744,91.4,33.6,77.1,43.5,5.5,15.6,35.1,18.8,24.6,76.4,11.8,29.9,41.7,21.6,14.4,8.9,5,6.2,20.8,0.1,5.8,2003-04
511,0.707,94.5,37,80.1,46.2,4,10.9,36.3,16.6,21.3,78.1,10.7,32.3,42.9,23,12.7,6.8,5.6,3.6,21.1,0.1,5.5,2003-04
512,0.695,91.5,34.7,78.5,44.2,5,13.9,35.8,17.2,25.2,68.1,12.5,32.5,45.1,20.4,14.7,8.1,6.5,4.6,20.3,0,7.2,2003-04
513,0.683,98.2,36.9,81.4,45.4,4.5,13.6,32.7,19.9,28.7,69.3,12.2,30.9,43.1,23.8,13.8,8.3,4.6,3.8,21.1,0.1,3.9,2003-04
514,0.671,102.8,37.8,81.8,46.2,7.3,18.3,40.1,19.8,24.9,79.5,10.8,30.4,41.2,26.2,13.9,8.7,4,5,19.3,0,5,2003-04
515,0.659,90.1,33.5,77,43.5,4.1,11.8,34.4,19,25.3,75.3,12.4,30.4,42.8,20.8,15.1,8,7,5,20.3,0,5.8,2003-04
516,0.634,105.2,40.5,88.2,45.9,6.2,17.8,34.8,18,22.6,79.6,14.3,31,45.3,23.9,12.2,8,5.3,4.7,19.6,0,4.4,2003-04
517,0.61,96.7,36.1,81.2,44.5,5.5,16,34,19,26.1,72.7,12.8,29,41.8,23.4,15,9.7,6.9,5.6,23.2,0,2.4,2003-04
518,0.573,90.3,34.3,77.7,44.1,4.6,13.7,33.6,17,22.6,75.3,10.5,30.2,40.7,24.5,14.7,8.6,3.9,4.6,21,0.1,2.5,2003-04
519,0.549,89.8,33.4,75.5,44.2,6.3,17.1,36.6,16.7,21.6,77.3,10.3,32.3,42.6,19.3,16.7,6.8,5.4,4.4,21.5,0,1.7,2003-04
520,0.524,97.2,36.5,82.5,44.3,4,12,33.6,20.2,26.3,76.7,13.2,29.1,42.3,21.9,15.6,9.1,6.3,5.8,22,0.1,1.1,2003-04
521,0.512,90.3,33.3,78.3,42.5,5.9,16.5,35.7,17.8,23.4,76.2,11.5,30,41.5,19.1,13.9,7.2,3.8,5.4,22.1,0,0.5,2003-04
522,0.512,88.7,32.8,75.3,43.6,3.1,9.6,32.1,20,26.8,74.6,13.5,27.7,41.2,20.4,16.6,7.1,6,6.5,25.6,0.1,-1.2,2003-04
523,0.5,98,36.2,81.1,44.7,4.9,14,35,20.7,26.7,77.5,11.7,30.5,42.2,22.8,13.5,6.8,4.7,5,20.3,0,1.1,2003-04
524,0.5,91.8,33.8,80.5,42,6.5,20.3,31.9,17.7,23.6,75.1,13.3,29.5,42.8,20.9,15,8.6,4.2,5.2,20.9,0.1,-0.1,2003-04
525,0.5,90.7,35.3,78.9,44.8,4.6,13.4,34.6,15.4,21.1,73.1,12.7,29,41.7,21.6,14.8,7.5,5.4,4.8,19,0,-1.3,2003-04
526,0.476,92,35.1,79.4,44.2,5,13.6,36.4,16.8,21.1,79.3,11.6,31,42.6,20.7,15.7,7.4,4.8,4.7,23.1,0,-1.5,2003-04
527,0.451,93.3,35.1,79.4,44.2,5.2,15.6,33.4,17.9,24.7,72.5,12.2,30.9,43.1,20.5,14.8,7,4.7,5.1,20.6,0,-0.7,2003-04
528,0.451,97.1,35.8,80.4,44.6,8.8,23.6,37.3,16.6,21.7,76.5,11.1,28.3,39.3,21.7,14.5,8.1,4.7,4.7,21.8,0.1,-0.6,2003-04
529,0.439,95.3,34.7,78.2,44.3,6.7,19.5,34.6,19.2,25.5,75,10.4,29.8,40.1,20.5,16.2,9.4,4,5,22.4,0,-1.5,2003-04
530,0.427,92.9,35.6,82.4,43.3,3,9.6,31.4,18.6,24.8,75.3,13.6,31.9,45.6,22,14.8,7.1,6.5,5.3,21.3,0,-2.6,2003-04
531,0.402,88,32.7,76.3,42.8,4.1,12.1,34.2,18.4,24.5,75.3,11.5,29.4,40.8,20,15.9,8,4.4,5.6,20.7,0,-2.5,2003-04
532,0.402,85.4,32.4,77.4,41.8,5.6,15.8,35.6,15.1,20.1,75,10.1,29.5,39.6,19.2,14.2,7.4,4.9,4.1,21.3,0,-3,2003-04
533,0.354,94.2,36.1,81.4,44.3,5.1,14.7,34.5,17,22.7,74.6,11.3,29.3,40.6,19.3,15.2,9,4.7,5.3,22.7,0,-3.7,2003-04
534,0.341,92.8,34.5,79.6,43.3,5.1,15.2,33.5,18.7,24.1,77.6,12.1,30.6,42.7,20.1,16.5,7.6,5,5.1,22.3,0,-4.6,2003-04
535,0.341,94.8,34.4,80.2,42.8,4,12.5,32.1,22,28.1,78.5,14,29.5,43.5,20.2,16.4,7.2,4.6,5.3,22.1,0,-4.6,2003-04
536,0.305,91.8,33.6,80,42.1,5.3,15.5,34.2,19.3,27,71.4,13.6,29.2,42.8,18.7,17.5,8.9,5,5.5,20.9,0,-5.6,2003-04
537,0.28,89.7,34.1,82.4,41.4,5.2,15.3,34.2,16.2,22.4,72.5,12.8,30.7,43.5,21.9,16.1,8,4.8,5.4,23.3,0,-6.4,2003-04
538,0.256,94,35.4,82.5,42.9,5.2,15.2,34.4,18,24.4,73.7,12.2,28.7,40.9,19.3,13.7,6.7,3.8,5.5,21.3,0,-7,2003-04
539,0.732,103,38.5,85.1,45.3,7.8,20.3,38.1,18.1,21.9,82.9,11.1,31,42.1,22.4,11.6,8.1,5.5,3.9,21.1,0.1,7.8,2002-03
540,0.732,95.8,35.5,76.8,46.2,5.5,15.5,35.4,19.4,26.8,72.5,11.5,31.2,42.6,20,15.8,7.7,6.5,5.1,20.4,0,5.4,2002-03
541,0.72,101.7,39.5,85.2,46.4,6,15.7,38.1,16.7,22.3,74.6,11,33.5,44.5,24.8,14.5,9,5.6,4.3,20.3,0,6.5,2002-03
542,0.622,98.1,38.7,83,46.6,3.6,9.8,36.8,17.1,22.3,77,11.7,31.9,43.6,25.2,13.7,6.7,5.3,4.9,20.8,0,2.1,2002-03
543,0.61,91.4,32.9,76.5,43,6.5,18.1,35.8,19,24.6,77.1,10.8,29.8,40.6,19.8,13.5,6.8,5.7,4.3,21.3,0.2,3.7,2002-03
544,0.61,100.4,37.7,83.6,45.1,5.9,16.7,35.6,19,26,73.4,13.1,31.1,44.3,23.3,14.5,7.8,5.7,3.8,22.9,0.1,2.3,2002-03
545,0.61,95.2,36.4,79.2,46,4.6,14,33,17.7,23.7,74.5,12.1,29,41.1,22.7,15.2,8.8,3.9,4.8,19.9,0.1,2.6,2002-03
546,0.598,95.4,35.4,80.3,44.1,4.2,12.7,33.2,20.3,26.8,75.7,12.1,30.8,42.9,23,14.8,8.7,4.6,5.2,21.6,0.1,5.2,2002-03
547,0.585,96.8,35.5,80.6,44.1,4.6,13.6,33.9,21.2,27.7,76.6,12.2,32,44.2,23.3,14.8,8.5,5.4,6.3,22.1,0.1,3.5,2002-03
548,0.585,96.8,36.3,81,44.8,3,9.6,31.1,21.3,27.5,77.5,12.7,29.5,42.2,21.6,14.8,10.3,3.5,6.4,22,0.1,2.3,2002-03
549,0.573,93.9,35.5,81.6,43.5,4.9,13.1,37.6,17.9,23.3,76.8,13.4,30.2,43.6,22,14.8,8,4.8,5.2,21.6,0.1,2.1,2002-03
550,0.573,94.7,35.3,75.5,46.8,2.7,7.8,34.9,21.3,28.6,74.5,12.5,29,41.5,25.6,16.8,8.6,5.7,5.2,22.4,0.1,2.4,2002-03
551,0.537,92.7,32.9,79.4,41.5,8.8,26.3,33.4,18,24.3,74.2,10.4,30.1,40.5,19.2,14,8.8,3.7,4.5,21.4,0,-0.4,2002-03
552,0.537,95.5,36.6,82.6,44.3,4.8,14,34.3,17.4,23.5,74.2,12.8,29.8,42.5,21,14.7,8.1,4.9,5.5,22,0.1,1.1,2002-03
553,0.524,93.8,34.6,78.8,44,5.4,15.5,34.6,19.1,24.9,76.8,12.5,31.3,43.8,18.4,15.6,7.2,6,4.6,19.5,0.1,1.5,2002-03
554,0.512,99.5,37.1,81.3,45.7,7.1,18.6,38.3,18.1,23.3,77.6,10.7,28.9,39.5,22.2,12.7,7.6,4.2,4.1,22.2,0.1,0.2,2002-03
555,0.512,98.5,35.9,82.5,43.6,6.9,19.4,35.7,19.7,25.4,77.7,11.7,29.2,40.9,20.4,14.4,8.5,3.7,5,23,0.1,0.1,2002-03
556,0.488,92.1,35.2,80.5,43.7,5.6,15.7,35.3,16.2,21.7,74.4,11.7,29.1,40.8,21.6,13.2,8.3,3.6,5,20.9,0.1,-0.1,2002-03
557,0.463,102.4,37.3,84.6,44.1,5.2,15.1,34.4,22.6,29,77.8,15.7,31,46.7,20.9,15.8,7.2,6.2,6,21.8,0,-1.1,2002-03
558,0.451,95.9,36.2,82,44.1,7.4,19.3,38.3,16.1,19.8,81.5,10.3,29,39.2,22,14,7.1,3.1,3.8,23,0.1,-1.4,2002-03
559,0.451,91.5,34.3,78,44,3.1,9.9,31.2,19.7,25.3,77.9,11.2,29.2,40.4,19.7,13.4,7.6,4.8,4.4,20,0,-1,2002-03
560,0.427,94.1,34.9,78.5,44.4,4.9,13.9,35.2,19.4,24.5,79.3,11.4,31.2,42.6,20.5,16.7,7.5,5.8,5,21.7,0.1,-3.6,2002-03
561,0.366,95,36.5,81.9,44.5,4.3,12.2,35,17.7,24.6,72.2,12,31,43,21.7,16.9,7.4,5.6,5,24.7,0.1,-5.1,2002-03
562,0.341,97.5,37.2,82.2,45.2,5.7,15.6,36.5,17.4,23.6,73.9,11.5,30.1,41.6,23.1,15.4,7.9,6.1,5.2,20.5,0,-3.2,2002-03
563,0.329,93.8,34.6,79.1,43.7,4.8,14.4,33.1,19.9,26.5,75,12.3,30,42.3,19.6,15.7,7,5.6,5.1,21.8,0,-4.1,2002-03
564,0.305,85.6,32.8,79.5,41.2,4.2,13.4,31.6,15.8,20.6,76.5,11.6,30,41.6,18.3,14.2,7.2,4,5.3,22.6,0.1,-5,2002-03
565,0.293,90.9,34.7,81.3,42.7,5,14.5,34.3,16.5,22.9,71.8,12.5,28.7,41.2,19.3,14.4,7.4,4.8,5,21.5,0.1,-5.9,2002-03
566,0.207,91.4,34.8,82.3,42.2,3.6,10.9,32.7,18.3,24.5,74.7,13.6,31,44.6,20.9,18.3,7.8,6.4,6,22.7,0.1,-9.6,2002-03
567,0.207,84.2,32.8,79.8,41.1,2.8,10,27.8,15.8,22.6,69.9,13.6,28.8,42.4,21.2,18.5,8.7,5.1,6.6,25.1,0.1,-8.3,2002-03
568,0.744,104.6,39.8,85.4,46.7,5.2,14.1,36.7,19.7,26.3,75.1,12.4,33,45.3,23.9,13.8,9,4.6,4.7,19,0.1,7.6,2001-02
569,0.707,101.3,38.4,83.4,46.1,6.2,17.5,35.4,18.2,26.1,69.9,12.5,31.8,44.3,23,12.7,7.6,5.8,4.3,22.2,0.1,7.1,2001-02
570,0.707,96.7,35.5,77.6,45.8,5.3,14.8,36.2,20.3,27.4,74.2,11.1,31.3,42.4,20,14.4,7.6,6.5,5.2,19.2,0.1,6.2,2001-02
571,0.695,105.2,39,84.5,46.2,7.6,20.1,37.8,19.6,24.3,80.6,11.2,31.3,42.5,22.1,12.1,7.1,4.8,4.6,22.5,0.1,4.3,2001-02
572,0.634,96.2,37.1,83.1,44.6,4.9,14.6,33.8,17.1,23.3,73.5,12.7,30.7,43.3,24.3,14.5,8.7,6,5.4,21.1,0.1,4.2,2001-02
573,0.61,94.3,34.7,76.8,45.2,6.9,18.4,37.6,18,23.8,75.6,9.9,28.9,38.7,21.5,14.5,7.9,6.9,4.1,20.7,0.1,2.1,2001-02
574,0.61,99.3,38.7,84,46.1,4.8,12.8,37.8,17.1,21.4,79.8,12.9,31.2,44.2,24.3,13.4,6.4,5.2,5,21.2,0.1,3.4,2001-02
575,0.598,96.4,34.8,82.1,42.4,8.5,23.7,35.9,18.3,23.9,76.4,10.9,31.3,42.2,21,13.6,9.7,3.6,5.8,21.7,0,2.2,2001-02
576,0.598,96.6,36.6,81.4,45,5.7,16.1,35.4,17.7,23.2,76.3,13.2,29.8,43,23.5,14.3,8.6,4.5,5,19.7,0.1,3,2001-02
577,0.549,97.7,38.2,81.5,46.9,6,15.8,37.8,15.4,20.4,75.5,11.8,28.5,40.3,23.5,13.7,8.5,4.4,4.9,21.1,0.1,3,2001-02
578,0.537,93.9,35.3,80.2,44,4.2,12.1,34.8,19.1,25.7,74.5,12.9,30.5,43.5,21.5,14,8,5.6,5.1,21.3,0.2,1,2001-02
579,0.537,100.5,37.6,84,44.8,7.6,20.2,37.3,17.6,23.4,75.4,11.5,29.7,41.2,22,13.6,8.1,4.7,4.7,20.7,0.1,1.6,2001-02
580,0.537,96,35,77.7,45,3.4,10.3,33.3,22.6,29.6,76.3,13.5,28.6,42.2,24.4,16.5,9.1,6.4,6.7,24,0.1,0.9,2001-02
581,0.524,91,34.2,78.5,43.6,2.6,8.7,29.9,20,25.7,77.9,13.3,30.9,44.2,20,15.3,8.6,4.4,5.6,20.1,0.2,1.6,2001-02
582,0.512,96.8,35.8,80.2,44.6,4.9,14.6,33.9,20.3,26.3,77.2,11.3,31.3,42.7,23,15.2,8,5.3,5.7,22.9,0.2,0.3,2001-02
583,0.512,91.4,35.6,82,43.4,4.7,13.5,34.9,15.5,20.9,73.9,13.6,28.5,42.1,21.7,14.3,8.4,5.6,4.8,21.6,0.1,-0.4,2001-02
584,0.5,97.5,37.1,80.2,46.2,7.2,19.3,37.5,16.1,21.5,74.8,10.3,31.2,41.4,22.5,14.1,7.3,4.7,4.4,21.8,0.1,-0.2,2001-02
585,0.476,95.7,36.2,81.3,44.5,5,14,35.6,18.3,24.7,73.9,13.2,30.2,43.4,20.9,14.8,6.2,6.6,5.4,19.8,0.1,-0.5,2001-02
586,0.451,92.8,35.8,81.3,44.1,3.7,9.6,38.8,17.4,22.8,76.5,12.9,29.2,42,20.9,13,7,4.3,5,21.5,0.1,-1.4,2001-02
587,0.439,87.2,34.2,77.8,43.9,3.8,11,34.7,15.1,20.8,72.4,11,31,42,20.3,14.8,6.7,5.5,4.3,22.5,0.2,-1.5,2001-02
588,0.439,95.1,37.8,84.6,44.7,4.4,13.4,32.7,15.2,19.9,76.7,13.1,29.6,42.7,22.4,14.7,8.1,4.9,5.8,21.8,0.1,-0.7,2001-02
589,0.402,94,35.4,80.6,43.9,5.2,14.6,35.4,18.1,23.7,76.5,11.6,29.8,41.5,20.2,15.5,8.1,4.3,6.2,20.8,0.1,-4.2,2001-02
590,0.366,91.6,34.4,79.5,43.2,5.8,16.4,35.3,17.1,21.8,78.7,10.7,30,40.7,21,14.5,6.8,3.5,4.7,22,0.2,-4,2001-02
591,0.354,95.3,36,80.3,44.8,4.7,12.5,37.7,18.6,24.1,77.2,11.8,30.3,42.1,23.1,14.6,7,5.7,5.6,21.4,0.1,-3.3,2001-02
592,0.341,92.3,34.6,80.8,42.8,6,18,33.5,17.1,23.1,74.1,12.5,29.4,41.9,18.1,14.1,6.5,5.4,5.1,18,0.1,-4.9,2001-02
593,0.329,92.2,35.5,83.8,42.4,5.2,15.7,32.9,15.9,21.4,74.4,13.6,28.2,41.8,22.2,14.7,7.5,5.6,6.8,22.8,0.1,-5.8,2001-02
594,0.28,89.9,34.8,79.7,43.6,4.1,13.4,30.7,16.3,23,70.8,12,29.4,41.4,21.8,16.4,7.9,6,5.6,19.2,0.1,-7.4,2001-02
595,0.256,89.5,34.3,79.2,43.3,3.7,10.6,34.6,17.2,23.9,72.2,11.3,28.8,40,22.2,15.3,7.7,4.4,4.9,22.4,0.2,-8.5,2001-02
596,0.256,97.7,36.6,85.2,42.9,3.9,12.1,32.2,20.6,28.6,72.2,16.3,30.4,46.7,20.8,16.8,7.9,6.4,6.3,23,0.2,-5.4,2001-02
597,0.707,96.2,35.2,76.4,46.1,5.4,13.3,40.7,20.4,28.5,71.5,11,33.1,44.1,21.7,14,6.9,7,5.2,18.9,0,7.8,2000-01
598,0.683,100.6,37.9,81.5,46.5,5.4,15.5,34.4,19.4,28.5,68.3,13.2,31.5,44.7,23,14.4,6.9,6,4,22.8,0.1,3.4,2000-01
599,0.683,94.7,35.4,79.1,44.7,3.2,9.8,32.6,20.7,27.8,74.5,13.1,31.7,44.8,20.6,15.8,8.4,5,5.6,20.4,0,4.3,2000-01
600,0.671,101.7,38.2,85,44.9,5.8,16.5,35.4,19.5,25.3,77.1,12,33,45,22.6,14.9,9.7,5.3,5.8,19.5,0,5.8,2000-01
601,0.646,100.5,37.6,81.9,45.9,6.3,16.5,38.1,18.9,23.8,79.4,10.1,31.4,41.5,21.2,13.9,7.5,6,4.6,23.3,0.1,4.3,2000-01
602,0.646,97.1,36.1,76.7,47.1,4,10.4,38.1,20.9,27.8,75.2,11.5,29.1,40.6,25.7,15.8,8.1,5.6,5.5,25.7,0.1,4.7,2000-01
603,0.634,100.7,38,82.9,45.8,6.9,18.1,37.9,18,22.9,78.7,11.9,30.5,42.4,22.5,13.7,8.2,4.7,4.3,23.5,0.1,3.9,2000-01
604,0.622,94,35.9,82.4,43.6,4,12.9,31.5,18.2,24.1,75.5,11.8,30.8,42.7,23.2,15.3,9.5,5.2,5.1,22.7,0.1,2.2,2000-01
605,0.61,88.9,32.9,76.3,43,5.8,16.9,34.5,17.4,22.9,75.9,9.9,29.7,39.6,19.9,13.7,7.7,3.7,5.2,21,0.1,2.3,2000-01
606,0.61,95.4,36.6,78.3,46.8,4.5,12.9,34.9,17.6,23.2,76.2,11.7,30.3,42,23.9,15.3,8.2,5.1,4,21.3,0.1,4.2,2000-01
607,0.585,88.7,33.6,75.6,44.4,4.8,13.6,35.1,16.8,21.1,79.6,9.4,30.8,40.2,18.5,14.5,6.6,4.2,4.1,22.7,0.1,2.6,2000-01
608,0.573,97.3,38.4,83.8,45.8,3.9,11,35.7,16.6,21.2,78.5,12.2,30.1,42.3,25.4,13.9,8.3,5.6,4.4,23.2,0.1,1.4,2000-01
609,0.573,97.6,37.2,85,43.7,5.2,14.2,36.9,18.1,24.2,74.7,13.6,30.8,44.5,24.4,13.2,7.3,6.3,5.4,21.3,0.1,2.3,2000-01
610,0.561,91.9,34.1,79.3,43.1,4.1,12,34.6,19.5,26.2,74.5,12.6,31.8,44.4,23.2,14.4,8.1,5.5,4.6,21.4,0.1,2.1,2000-01
611,0.549,97.2,35.9,79.2,45.3,6.1,17.2,35.7,19.3,25.4,75.8,11.2,30.8,42,19.7,14.7,7.2,4.4,4.9,20.2,0,2.3,2000-01
612,0.537,97.3,36.9,81.1,45.6,5.7,14.3,39.9,17.7,24.2,73.2,12.2,29.5,41.7,21.9,15.3,8,5,6.2,21.1,0.1,0,2000-01
613,0.524,97.5,36.7,83.8,43.8,6,16.4,36.4,18,25.2,71.4,13,29.9,42.9,22,15.2,8.2,5.9,5.4,25.3,0.1,1,2000-01
614,0.5,92.6,34.5,78.4,44,4.8,14.1,34.2,18.8,24.5,76.6,11.2,31.6,42.9,21.5,15.2,6.9,5.9,4.7,23.5,0.1,-0.2,2000-01
615,0.488,96.6,36.3,83.9,43.3,6.2,17.6,35.5,17.7,24,73.7,12.7,31.5,44.2,24,13.9,6.7,6.6,6.1,22.2,0,-2.5,2000-01
616,0.439,94.6,33.8,79.1,42.8,7.2,19.9,36.3,19.8,26.7,74,10.9,28.9,39.8,20.8,15.7,9.4,4.1,5.4,23.8,0,-2.1,2000-01
617,0.39,95.6,35.6,83.9,42.4,4.7,13.6,35,19.6,27.2,72.1,13.5,32,45.5,19.9,15.9,7.5,5.5,4.8,23.8,0.1,-1.7,2000-01
618,0.378,92.5,35.3,78.9,44.8,4.4,13,33.9,17.4,25.1,69.3,11.7,31.2,42.9,19.3,15.8,6,6.3,5,21.6,0,-2.9,2000-01
619,0.366,92.2,35.2,79.7,44.2,2.7,8,33.4,19,24.9,76.5,12.4,29.8,42.1,20.8,16.5,7.8,5.3,6.6,23.2,0.1,-4.2,2000-01
620,0.317,92.1,33.9,79.9,42.5,4.4,13.2,33.3,19.9,26.2,75.9,11.1,28.5,39.6,19.5,14.7,7.9,5,6.4,24.2,0,-5,2000-01
621,0.305,91,35.1,81.3,43.1,4.1,11.4,35.7,16.8,22.1,75.9,12.5,30.4,42.9,19,16.7,7.7,4.7,6.3,22.7,0.1,-5.2,2000-01
622,0.28,91.7,35,79.7,43.9,4,11.5,34.3,17.8,23.1,77,10.9,29.6,40.5,23.2,15.7,7.1,4.4,5.8,21.1,0.1,-5.7,2000-01
623,0.232,93.2,34.5,78.7,43.9,3.4,10.3,32.4,20.8,27.4,75.9,12.4,28.9,41.3,20.1,17,7.7,4.7,6.2,23.3,0.1,-6.7,2000-01
624,0.207,92.5,35.8,87.5,40.9,3.4,11.8,29.3,17.4,24.7,70.6,16.4,29.1,45.5,21.8,15.9,9,5,6,21.1,0.1,-9,2000-01
625,0.183,87.6,33.2,78.2,42.4,4,11.6,34.6,17.2,23.3,73.9,11.3,27.6,38.9,22.1,15.8,8.2,4.6,5.2,23.2,0,-9.1,2000-01
